uid,namedLocation,date,eventID,domainID,siteID,plotID,individualID,tempStemID,tagStatus,growthForm,plantStatus,stemDiameter,measurementHeight,changedMeasurementLocation,height,baseCrownHeight,breakHeight,breakDiameter,maxCrownDiameter,ninetyCrownDiameter,canopyPosition,shape,basalStemDiameter,basalStemDiameterMsrmntHeight,maxBaseCrownDiameter,ninetyBaseCrownDiameter,dendrometerInstallationDate,initialGapMeasurementDate,initialBandStemDiameter,initialDendrometerGap,dendrometerHeight,dendrometerGap,dendrometerCondition,bandStemDiameter,remarks,recordedBy,measuredBy,dataEntryRecordID,dataQF
"fb978292-fceb-427e-9f77-a9fb9f60b60d","HARV_021.basePlot.vst","2019-05-20","vst_HARV_2019","D01","HARV","HARV_021","NEON.PLA.D01.HARV.02546",,"notRequired",,"Lost, fate unknown",,,,,,,,,,,,,,,,,,,,,,,,"tag not found","0000-0002-8951-4934","0000-0003-2931-6669",,
"6921d1bb-5b2b-4ab1-837c-929e27fef2b9","HARV_021.basePlot.vst","2019-05-20","vst_HARV_2019","D01","HARV","HARV_021","NEON.PLA.D01.HARV.02599",,"notRequired",,"Lost, fate unknown",,,,,,,,,,,,,,,,,,,,,,,,"tag not found","0000-0002-8951-4934","0000-0003-2931-6669",,
"d205a2e6-e838-4da7-a6c6-af68a65a8c8e","HARV_021.basePlot.vst","2019-05-20","vst_HARV_2019","D01","HARV","HARV_021","NEON.PLA.D01.HARV.02820",,"notRequired",,"Lost, fate unknown",,,,,,,,,,,,,,,,,,,,,,,,"tag not found","0000-0002-8951-4934","0000-0003-2931-6669",,
"190e1afd-9770-4839-ae73-3f7a6820c6fc","HARV_021.basePlot.vst","2019-05-20","vst_HARV_2019","D01","HARV","HARV_021","NEON.PLA.D01.HARV.10909",,"ok","small tree","Live",1.1,130,,2.2,,,,1.3,0.9,,,,,,,,,,,,,,,,"0000-0002-8951-4934","0000-0003-2931-6669",,
"a388de72-583e-4c74-8094-ae7d1df2c813","HARV_021.basePlot.vst","2019-05-20","vst_HARV_2019","D01","HARV","HARV_021","NEON.PLA.D01.HARV.02586",,"notRequired",,"Lost, fate unknown",,,,,,,,,,,,,,,,,,,,,,,,"tag not found","0000-0002-8951-4934","0000-0003-2931-6669",,
"41af437d-c5d7-497a-8f99-d2791ad5c60d","HARV_021.basePlot.vst","2019-05-20","vst_HARV_2019","D01","HARV","HARV_021","NEON.PLA.D01.HARV.05684",,"tagRemoved",,"No longer qualifies",,,,,,,,,,,,,,,,,,,,,,,,"Outside of nested subplot.","0000-0002-8951-4934","0000-0003-2931-6669",,
"ce88b95b-7e37-4638-a2c5-d559379b721a","HARV_021.basePlot.vst","2019-05-20","vst_HARV_2019","D01","HARV","HARV_021","NEON.PLA.D01.HARV.05539",,"ok",,"Lost, fate unknown",,,,,,,,,,,,,,,,,,,,,,,,"Tag not found","0000-0002-8951-4934","0000-0003-2931-6669",,
"aea70afa-1cef-4e4b-9260-9f7a2940994a","HARV_021.basePlot.vst","2019-05-20","vst_HARV_2019","D01","HARV","HARV_021","NEON.PLA.D01.HARV.02822",,"ok","small tree","Standing dead",1.2,130,,2.3,,,,1.2,0.6,,,,,,,,,,,,,,,"Death likely due to forest succession.","0000-0002-8951-4934","0000-0003-2931-6669",,
"284dea6d-bf2b-4895-b6ac-c0d6e900456d","HARV_021.basePlot.vst","2019-05-20","vst_HARV_2019","D01","HARV","HARV_021","NEON.PLA.D01.HARV.02965",,"notRequired",,"Lost, fate unknown",,,,,,,,,,,,,,,,,,,,,,,,"tag not found","0000-0002-8951-4934","0000-0003-2931-6669",,
"2673c8aa-8d40-496c-a3a9-adda5fb67cde","HARV_021.basePlot.vst","2019-05-20","vst_HARV_2019","D01","HARV","HARV_021","NEON.PLA.D01.HARV.02542",,"ok","sapling","Standing dead",,,,2.0,,,,,,,,1.3,10,,,,,,,,,,,"Death likely due to forest succession.","0000-0002-8951-4934","0000-0003-2931-6669",,
"a9878378-451e-4aa1-9d51-c0f4a0467037","HARV_021.basePlot.vst","2019-05-20","vst_HARV_2019","D01","HARV","HARV_021","NEON.PLA.D01.HARV.02577",,"notRequired",,"Lost, fate unknown",,,,,,,,,,,,,,,,,,,,,,,,"tag not found","0000-0002-8951-4934","0000-0003-2931-6669",,
"88d4c4fa-05af-4b72-bf63-7828fd4d1359","HARV_021.basePlot.vst","2019-05-20","vst_HARV_2019","D01","HARV","HARV_021","NEON.PLA.D01.HARV.02567",,"notRequired",,"Lost, fate unknown",,,,,,,,,,,,,,,,,,,,,,,,"tag not found","0000-0002-8951-4934","0000-0003-2931-6669",,
"c5323eb0-a423-47f6-9941-9c0122e18da5","HARV_021.basePlot.vst","2019-05-20","vst_HARV_2019","D01","HARV","HARV_021","NEON.PLA.D01.HARV.03466",,"notRequired",,"Lost, fate unknown",,,,,,,,,,,,,,,,,,,,,,,,"tag not found","0000-0002-8951-4934","0000-0003-2931-6669",,
"84637ab9-9bc8-4641-8f4b-139bb51db85f","HARV_021.basePlot.vst","2019-05-20","vst_HARV_2019","D01","HARV","HARV_021","NEON.PLA.D01.HARV.02969",,"tagRemoved",,"No longer qualifies",,,,,,,,,,,,,,,,,,,,,,,,"Not in nested subplot; tag removed","0000-0002-8951-4934","0000-0003-2931-6669",,
"0c39e734-2c80-4beb-9153-8fdaec847f43","HARV_021.basePlot.vst","2019-05-20","vst_HARV_2019","D01","HARV","HARV_021","NEON.PLA.D01.HARV.05589",,"notRequired",,"Lost, fate unknown",,,,,,,,,,,,,,,,,,,,,,,,"tag not found","0000-0002-8951-4934","0000-0003-2931-6669",,
"4b9aa63d-a91d-4b61-84e5-9e91a03c01f5","HARV_021.basePlot.vst","2019-05-20","vst_HARV_2019","D01","HARV","HARV_021","NEON.PLA.D01.HARV.11685",,"tagRemoved",,"No longer qualifies",,,,,,,,,,,,,,,,,,,,,,,,"Not in nested subplot; tag removed","0000-0002-8951-4934","0000-0003-2931-6669",,
"a0cddf52-4dfe-4f28-8f17-c053ab5ea696","HARV_021.basePlot.vst","2019-05-20","vst_HARV_2019","D01","HARV","HARV_021","NEON.PLA.D01.HARV.03459",,"notRequired",,"Lost, fate unknown",,,,,,,,,,,,,,,,,,,,,,,,"tag not found","0000-0002-8951-4934","0000-0003-2931-6669",,
"5911a661-17e1-461c-b34c-da645004b69a","HARV_021.basePlot.vst","2019-05-20","vst_HARV_2019","D01","HARV","HARV_021","NEON.PLA.D01.HARV.02957",,"notRequired",,"Lost, fate unknown",,,,,,,,,,,,,,,,,,,,,,,,"tag not found","0000-0002-8951-4934","0000-0003-2931-6669",,
"c49ca6d1-2dfb-4299-9c2e-ce591849489e","HARV_021.basePlot.vst","2019-05-20","vst_HARV_2019","D01","HARV","HARV_021","NEON.PLA.D01.HARV.05584",,"notRequired",,"Lost, fate unknown",,,,,,,,,,,,,,,,,,,,,,,,"tag not found","0000-0002-8951-4934","0000-0003-2931-6669",,
"272a2dd9-bcb2-47d9-869c-ae9d4b2c83f5","HARV_021.basePlot.vst","2019-05-20","vst_HARV_2019","D01","HARV","HARV_021","NEON.PLA.D01.HARV.02532",,"notRequired",,"Lost, fate unknown",,,,,,,,,,,,,,,,,,,,,,,,"tag not found","0000-0002-8951-4934","0000-0003-2931-6669",,
"67a759a6-eea3-4240-93aa-01ab2079fabf","HARV_021.basePlot.vst","2019-05-20","vst_HARV_2019","D01","HARV","HARV_021","NEON.PLA.D01.HARV.05695",,"notRequired",,"Lost, fate unknown",,,,,,,,,,,,,,,,,,,,,,,,"tag not found","0000-0002-8951-4934","0000-0003-2931-6669",,
"7ff505a0-0ae3-4202-8380-eab0b7935cb3","HARV_021.basePlot.vst","2019-05-20","vst_HARV_2019","D01","HARV","HARV_021","NEON.PLA.D01.HARV.05535",,"notRequired",,"Lost, fate unknown",,,,,,,,,,,,,,,,,,,,,,,,"tag not found","0000-0002-8951-4934","0000-0003-2931-6669",,
"bfd7cedf-fbbf-4a1d-8b5b-bb959f052a7d","HARV_021.basePlot.vst","2019-05-20","vst_HARV_2019","D01","HARV","HARV_021","NEON.PLA.D01.HARV.05587",,"notRequired",,"Lost, fate unknown",,,,,,,,,,,,,,,,,,,,,,,,"tag not found","0000-0002-8951-4934","0000-0003-2931-6669",,
"49d54389-2346-4eb2-b426-dc11806cc4f9","HARV_021.basePlot.vst","2019-05-20","vst_HARV_2019","D01","HARV","HARV_021","NEON.PLA.D01.HARV.02825",,"notRequired",,"Lost, fate unknown",,,,,,,,,,,,,,,,,,,,,,,,"tag not found","0000-0002-8951-4934","0000-0003-2931-6669",,
"5feafd0d-046c-4642-9317-203bc8851d48","HARV_021.basePlot.vst","2019-05-20","vst_HARV_2019","D01","HARV","HARV_021","NEON.PLA.D01.HARV.02595",,"notRequired",,"Lost, fate unknown",,,,,,,,,,,,,,,,,,,,,,,,"tag not found","0000-0002-8951-4934","0000-0003-2931-6669",,
"1e2dac32-f628-4180-9707-bab5f844f729","HARV_021.basePlot.vst","2019-05-20","vst_HARV_2019","D01","HARV","HARV_021","NEON.PLA.D01.HARV.02397",,"notRequired",,"Lost, fate unknown",,,,,,,,,,,,,,,,,,,,,,,,"tag not found","0000-0002-8951-4934","0000-0003-2931-6669",,
"76057114-e0e1-488c-a7f0-b98fa89541ae","HARV_021.basePlot.vst","2019-05-20","vst_HARV_2019","D01","HARV","HARV_021","NEON.PLA.D01.HARV.02570",,"notRequired",,"Lost, fate unknown",,,,,,,,,,,,,,,,,,,,,,,,"tag not found","0000-0002-8951-4934","0000-0003-2931-6669",,
"f617e451-8da9-4dcf-ae60-7b02ffb87c1e","HARV_021.basePlot.vst","2019-05-20","vst_HARV_2019","D01","HARV","HARV_021","NEON.PLA.D01.HARV.05554",,"notRequired",,"Lost, fate unknown",,,,,,,,,,,,,,,,,,,,,,,,"tag not found","0000-0002-8951-4934","0000-0003-2931-6669",,
"d3de9dde-1e26-428d-b9b5-f793fc711a78","HARV_021.basePlot.vst","2019-05-20","vst_HARV_2019","D01","HARV","HARV_021","NEON.PLA.D01.HARV.02818",,"notRequired",,"Lost, fate unknown",,,,,,,,,,,,,,,,,,,,,,,,"tag not found","0000-0002-8951-4934","0000-0003-2931-6669",,
"7c7b2a0a-4b60-4e36-915b-c6019196bf49","HARV_021.basePlot.vst","2019-05-20","vst_HARV_2019","D01","HARV","HARV_021","NEON.PLA.D01.HARV.02812",,"notRequired",,"Lost, fate unknown",,,,,,,,,,,,,,,,,,,,,,,,"tag not found","0000-0002-8951-4934","0000-0003-2931-6669",,
"38339a46-c937-4015-969e-77b60a9af831","HARV_021.basePlot.vst","2019-05-20","vst_HARV_2019","D01","HARV","HARV_021","NEON.PLA.D01.HARV.02536",,"ok",,"Lost, fate unknown",,,,,,,,,,,,,,,,,,,,,,,,"tag not found","0000-0002-8951-4934","0000-0003-2931-6669",,
"d8468af2-727a-4adf-8125-35459b22730f","HARV_021.basePlot.vst","2019-05-20","vst_HARV_2019","D01","HARV","HARV_021","NEON.PLA.D01.HARV.02841",,"notRequired",,"Lost, fate unknown",,,,,,,,,,,,,,,,,,,,,,,,"tag not found","0000-0002-8951-4934","0000-0003-2931-6669",,
"fa0f4bb2-ff4e-4be9-a040-34b55c86f299","HARV_021.basePlot.vst","2019-05-20","vst_HARV_2019","D01","HARV","HARV_021","NEON.PLA.D01.HARV.02956",,"notRequired",,"Lost, fate unknown",,,,,,,,,,,,,,,,,,,,,,,,"tag not found","0000-0002-8951-4934","0000-0003-2931-6669",,
"59b28fa3-e4e3-4a84-84e3-635d71de024e","HARV_021.basePlot.vst","2019-05-20","vst_HARV_2019","D01","HARV","HARV_021","NEON.PLA.D01.HARV.05571",,"notRequired",,"Lost, fate unknown",,,,,,,,,,,,,,,,,,,,,,,,"tag not found","0000-0002-8951-4934","0000-0003-2931-6669",,
"237eea29-8321-4f04-b675-93256592700a","HARV_021.basePlot.vst","2019-05-20","vst_HARV_2019","D01","HARV","HARV_021","NEON.PLA.D01.HARV.03427",,"notRequired",,"Lost, fate unknown",,,,,,,,,,,,,,,,,,,,,,,,"tag not found","0000-0002-8951-4934","0000-0003-2931-6669",,
"7ab63cd0-d55c-4f22-9e5c-2b8e4264a6b2","HARV_021.basePlot.vst","2019-05-20","vst_HARV_2019","D01","HARV","HARV_021","NEON.PLA.D01.HARV.02834",,"notRequired",,"Lost, fate unknown",,,,,,,,,,,,,,,,,,,,,,,,"tag not found","0000-0002-8951-4934","0000-0003-2931-6669",,
"8144c9f6-c089-4298-b91e-a752a6198fa1","HARV_021.basePlot.vst","2019-05-20","vst_HARV_2019","D01","HARV","HARV_021","NEON.PLA.D01.HARV.05557",,"notRequired",,"Lost, fate unknown",,,,,,,,,,,,,,,,,,,,,,,,"tag not found","0000-0002-8951-4934","0000-0003-2931-6669",,
"cb1374d9-3666-4c61-9e80-402d6efec808","HARV_021.basePlot.vst","2019-05-20","vst_HARV_2019","D01","HARV","HARV_021","NEON.PLA.D01.HARV.05570",,"notRequired",,"Lost, fate unknown",,,,,,,,,,,,,,,,,,,,,,,,"tag not found","0000-0002-8951-4934","0000-0003-2931-6669",,
"028454c1-d935-4b2a-8c95-453954c6a3a2","HARV_021.basePlot.vst","2019-05-20","vst_HARV_2019","D01","HARV","HARV_021","NEON.PLA.D01.HARV.02966",,"notRequired",,"Lost, fate unknown",,,,,,,,,,,,,,,,,,,,,,,,"tag not found","0000-0002-8951-4934","0000-0003-2931-6669",,
"4e018203-29ce-4141-9e47-e97d4e615c56","HARV_021.basePlot.vst","2019-05-20","vst_HARV_2019","D01","HARV","HARV_021","NEON.PLA.D01.HARV.02821",,"notRequired",,"Lost, fate unknown",,,,,,,,,,,,,,,,,,,,,,,,"tag not found","0000-0002-8951-4934","0000-0003-2931-6669",,
"ac148d95-6ac8-4496-99e0-34c4c8a33bc9","HARV_021.basePlot.vst","2019-05-20","vst_HARV_2019","D01","HARV","HARV_021","NEON.PLA.D01.HARV.03453",,"notRequired",,"Lost, fate unknown",,,,,,,,,,,,,,,,,,,,,,,,"tag not found","0000-0002-8951-4934","0000-0003-2931-6669",,
"f5d7f271-3035-4bd9-8f4b-5ff8c9a12e34","HARV_021.basePlot.vst","2019-05-20","vst_HARV_2019","D01","HARV","HARV_021","NEON.PLA.D01.HARV.05552",,"notRequired",,"Lost, fate unknown",,,,,,,,,,,,,,,,,,,,,,,,"tag not found","0000-0002-8951-4934","0000-0003-2931-6669",,
"e896b2d7-af35-4c4d-ad50-c41199fbb04c","HARV_021.basePlot.vst","2019-05-20","vst_HARV_2019","D01","HARV","HARV_021","NEON.PLA.D01.HARV.02845",,"notRequired",,"Lost, fate unknown",,,,,,,,,,,,,,,,,,,,,,,,"tag not found","0000-0002-8951-4934","0000-0003-2931-6669",,
"659378df-d485-41f4-911b-fb337f234b7a","HARV_021.basePlot.vst","2019-05-20","vst_HARV_2019","D01","HARV","HARV_021","NEON.PLA.D01.HARV.02566",,"notRequired",,"Lost, fate unknown",,,,,,,,,,,,,,,,,,,,,,,,"tag not found","0000-0002-8951-4934","0000-0003-2931-6669",,
"28ac8cde-1837-4c6e-a2e3-173925bdaa03","HARV_021.basePlot.vst","2019-05-20","vst_HARV_2019","D01","HARV","HARV_021","NEON.PLA.D01.HARV.02819",,"notRequired",,"Lost, fate unknown",,,,,,,,,,,,,,,,,,,,,,,,"tag not found","0000-0002-8951-4934","0000-0003-2931-6669",,
"7a5e56ea-eb99-4cc9-90ae-0f9bfb81b83d","HARV_021.basePlot.vst","2019-05-20","vst_HARV_2019","D01","HARV","HARV_021","NEON.PLA.D01.HARV.05528",,"notRequired",,"Lost, fate unknown",,,,,,,,,,,,,,,,,,,,,,,,"tag not found","0000-0002-8951-4934","0000-0003-2931-6669",,
"05e33419-76a9-4111-a2fc-b6c8641b68f6","HARV_021.basePlot.vst","2019-05-20","vst_HARV_2019","D01","HARV","HARV_021","NEON.PLA.D01.HARV.05590",,"notRequired",,"Lost, fate unknown",,,,,,,,,,,,,,,,,,,,,,,,"tag not found","0000-0002-8951-4934","0000-0003-2931-6669",,
"152e286d-6dea-458b-89d4-bf975740e848","HARV_021.basePlot.vst","2019-05-20","vst_HARV_2019","D01","HARV","HARV_021","NEON.PLA.D01.HARV.02970",,"notRequired",,"Lost, fate unknown",,,,,,,,,,,,,,,,,,,,,,,,"tag not found","0000-0002-8951-4934","0000-0003-2931-6669",,
"195daf5e-7dd5-45f4-88c2-514dbd9825f3","HARV_021.basePlot.vst","2019-05-20","vst_HARV_2019","D01","HARV","HARV_021","NEON.PLA.D01.HARV.03044",,"notRequired",,"Lost, fate unknown",,,,,,,,,,,,,,,,,,,,,,,,"tag not found","0000-0002-8951-4934","0000-0003-2931-6669",,
"6d0fcbfa-1fd3-4cf6-8e24-57bfd23d5c9b","HARV_021.basePlot.vst","2019-05-20","vst_HARV_2019","D01","HARV","HARV_021","NEON.PLA.D01.HARV.05682",,"notRequired",,"Lost, fate unknown",,,,,,,,,,,,,,,,,,,,,,,,"tag not found","0000-0002-8951-4934","0000-0003-2931-6669",,
"041411a9-e07f-41c0-a964-c7cc118852b4","HARV_021.basePlot.vst","2019-05-20","vst_HARV_2019","D01","HARV","HARV_021","NEON.PLA.D01.HARV.05596",,"notRequired",,"Lost, fate unknown",,,,,,,,,,,,,,,,,,,,,,,,"tag not found","0000-0002-8951-4934","0000-0003-2931-6669",,
"5f4954c8-2827-4551-9ea8-29ebe7dd4d35","HARV_021.basePlot.vst","2019-05-20","vst_HARV_2019","D01","HARV","HARV_021","NEON.PLA.D01.HARV.02401",,"notRequired",,"Lost, fate unknown",,,,,,,,,,,,,,,,,,,,,,,,"tag not found","0000-0002-8951-4934","0000-0003-2931-6669",,
"81d51eb7-1932-4d8d-8293-21dba9ea9955","HARV_021.basePlot.vst","2019-05-20","vst_HARV_2019","D01","HARV","HARV_021","NEON.PLA.D01.HARV.02839",,"notRequired",,"Lost, fate unknown",,,,,,,,,,,,,,,,,,,,,,,,"tag not found","0000-0002-8951-4934","0000-0003-2931-6669",,
"bc0df4fd-435a-467c-8b98-d7f3501917a6","HARV_021.basePlot.vst","2019-05-20","vst_HARV_2019","D01","HARV","HARV_021","NEON.PLA.D01.HARV.02848",,"ok",,"Lost, presumed dead",,,,,,,,,,,,,,,,,,,,,,,,,"0000-0002-8951-4934","0000-0003-2931-6669",,
"8c018317-16e4-465d-842b-36eef403217f","HARV_021.basePlot.vst","2019-05-20","vst_HARV_2019","D01","HARV","HARV_021","NEON.PLA.D01.HARV.02803",,"notRequired",,"Lost, fate unknown",,,,,,,,,,,,,,,,,,,,,,,,"tag not found","0000-0002-8951-4934","0000-0003-2931-6669",,
"1d4ae50e-c493-4e07-a720-35d33954bc27","HARV_021.basePlot.vst","2019-05-20","vst_HARV_2019","D01","HARV","HARV_021","NEON.PLA.D01.HARV.02816",,"notRequired",,"Lost, fate unknown",,,,,,,,,,,,,,,,,,,,,,,,"tag not found","0000-0002-8951-4934","0000-0003-2931-6669",,
"d3458ebd-db0f-4b4e-86fc-03aa1e1614f0","HARV_021.basePlot.vst","2019-05-20","vst_HARV_2019","D01","HARV","HARV_021","NEON.PLA.D01.HARV.02973",,"notRequired",,"Lost, fate unknown",,,,,,,,,,,,,,,,,,,,,,,,"tag not found","0000-0002-8951-4934","0000-0003-2931-6669",,
"0ecbb6ac-46a8-486e-8834-f062f09c7060","HARV_021.basePlot.vst","2019-05-20","vst_HARV_2019","D01","HARV","HARV_021","NEON.PLA.D01.HARV.05510",,"ok","sapling","Standing dead",,,,0.8,,,,,,,,1.0,10,,,,,,,,,,,"Unknown cause of death","0000-0002-8951-4934","0000-0003-2931-6669",,
"d1e43484-238a-4fb0-a2d1-a82dd625016d","HARV_021.basePlot.vst","2019-05-20","vst_HARV_2019","D01","HARV","HARV_021","NEON.PLA.D01.HARV.02978",,"notRequired",,"Lost, fate unknown",,,,,,,,,,,,,,,,,,,,,,,,"tag not found","0000-0002-8951-4934","0000-0003-2931-6669",,
"385515ae-45b8-4d32-9b2e-1ca96a3455b7","HARV_021.basePlot.vst","2019-05-20","vst_HARV_2019","D01","HARV","HARV_021","NEON.PLA.D01.HARV.02312",,"notRequired",,"Lost, fate unknown",,,,,,,,,,,,,,,,,,,,,,,,"tag not found","0000-0002-8951-4934","0000-0003-2931-6669",,
"b3c24376-12d7-46d4-9285-47f93ce9a1be","HARV_021.basePlot.vst","2019-05-20","vst_HARV_2019","D01","HARV","HARV_021","NEON.PLA.D01.HARV.02846",,"notRequired",,"Lost, fate unknown",,,,,,,,,,,,,,,,,,,,,,,,"tag not found","0000-0002-8951-4934","0000-0003-2931-6669",,
"67215858-b1da-493d-a5ac-be32500425f9","HARV_021.basePlot.vst","2019-05-20","vst_HARV_2019","D01","HARV","HARV_021","NEON.PLA.D01.HARV.02590",,"notRequired",,"Lost, fate unknown",,,,,,,,,,,,,,,,,,,,,,,,"tag not found","0000-0002-8951-4934","0000-0003-2931-6669",,
"df661e22-e885-4d3d-970c-fdbb60ea018b","HARV_021.basePlot.vst","2019-05-20","vst_HARV_2019","D01","HARV","HARV_021","NEON.PLA.D01.HARV.05591",,"notRequired",,"Lost, fate unknown",,,,,,,,,,,,,,,,,,,,,,,,"tag not found","0000-0002-8951-4934","0000-0003-2931-6669",,
"0b633fa4-e00d-4981-84cc-1418f0dad787","HARV_021.basePlot.vst","2019-05-20","vst_HARV_2019","D01","HARV","HARV_021","NEON.PLA.D01.HARV.02551",,"notRequired",,"Lost, fate unknown",,,,,,,,,,,,,,,,,,,,,,,,"tag not found","0000-0002-8951-4934","0000-0003-2931-6669",,
"eb4239fb-ab44-4c59-903b-9ec3fa09ce72","HARV_021.basePlot.vst","2019-05-20","vst_HARV_2019","D01","HARV","HARV_021","NEON.PLA.D01.HARV.05588",,"notRequired",,"Lost, fate unknown",,,,,,,,,,,,,,,,,,,,,,,,"tag not found","0000-0002-8951-4934","0000-0003-2931-6669",,
"b144f8f4-01fa-4bcc-9709-6940a354d367","HARV_021.basePlot.vst","2019-05-20","vst_HARV_2019","D01","HARV","HARV_021","NEON.PLA.D01.HARV.02836",,"notRequired",,"Lost, fate unknown",,,,,,,,,,,,,,,,,,,,,,,,"tag not found","0000-0002-8951-4934","0000-0003-2931-6669",,
"cfda6987-35eb-42d1-a869-09497e256e86","HARV_021.basePlot.vst","2019-05-20","vst_HARV_2019","D01","HARV","HARV_021","NEON.PLA.D01.HARV.02838",,"notRequired",,"Lost, fate unknown",,,,,,,,,,,,,,,,,,,,,,,,"tag not found","0000-0002-8951-4934","0000-0003-2931-6669",,
"ab742c46-2c8a-4a75-93f8-d193d8f79bf0","HARV_021.basePlot.vst","2019-05-20","vst_HARV_2019","D01","HARV","HARV_021","NEON.PLA.D01.HARV.02827",,"tagRemoved",,"No longer qualifies",,,,,,,,,,,,,,,,,,,,,,,,"Outside of nested subplot.","0000-0002-8951-4934","0000-0003-2931-6669",,
"93f55554-0cfc-4baa-b405-0b7d5480335a","HARV_021.basePlot.vst","2019-05-20","vst_HARV_2019","D01","HARV","HARV_021","NEON.PLA.D01.HARV.05509",,"tagRemoved",,"Downed",,,,,,,,,,,,,,,,,,,,,,,,"Too small for CDW.","0000-0002-8951-4934","0000-0003-2931-6669",,
"4760395d-daa4-47b9-8126-31c507a112ae","HARV_021.basePlot.vst","2019-05-20","vst_HARV_2019","D01","HARV","HARV_021","NEON.PLA.D01.HARV.02569",,"ok","sapling","Standing dead",,,,1.7,,,,,,,,1.1,10,,,,,,,,,,,"Unknown cause of death","0000-0002-8951-4934","0000-0003-2931-6669",,
"301ce948-5247-446c-add4-f56175a176dc","HARV_021.basePlot.vst","2019-05-20","vst_HARV_2019","D01","HARV","HARV_021","NEON.PLA.D01.HARV.05564",,"notRequired",,"Lost, fate unknown",,,,,,,,,,,,,,,,,,,,,,,,"tag not found","0000-0002-8951-4934","0000-0003-2931-6669",,
"2d00ce59-9a33-47ea-af96-2c21cafbb1c8","HARV_021.basePlot.vst","2019-05-20","vst_HARV_2019","D01","HARV","HARV_021","NEON.PLA.D01.HARV.05507",,"notRequired",,"Lost, fate unknown",,,,,,,,,,,,,,,,,,,,,,,,"tag not found","0000-0002-8951-4934","0000-0003-2931-6669",,
"5f356614-1faf-4d41-9cd2-649076eb7dca","HARV_021.basePlot.vst","2019-05-20","vst_HARV_2019","D01","HARV","HARV_021","NEON.PLA.D01.HARV.02588",,"notRequired",,"Lost, fate unknown",,,,,,,,,,,,,,,,,,,,,,,,"tag not found","0000-0002-8951-4934","0000-0003-2931-6669",,
"1e48c2bd-4f9b-44a4-aa6c-d7bb0d3d877c","HARV_021.basePlot.vst","2019-05-20","vst_HARV_2019","D01","HARV","HARV_021","NEON.PLA.D01.HARV.03102",,"notRequired",,"Lost, fate unknown",,,,,,,,,,,,,,,,,,,,,,,,"tag not found","0000-0002-8951-4934","0000-0003-2931-6669",,
"15a83a6c-b073-474a-ad79-c0b1cdf491c6","HARV_021.basePlot.vst","2019-05-20","vst_HARV_2019","D01","HARV","HARV_021","NEON.PLA.D01.HARV.02563",,"notRequired",,"Lost, fate unknown",,,,,,,,,,,,,,,,,,,,,,,,"tag not found","0000-0002-8951-4934","0000-0003-2931-6669",,
"6170f4f3-d970-44dd-bb97-ee79d6ef0970","HARV_021.basePlot.vst","2019-05-20","vst_HARV_2019","D01","HARV","HARV_021","NEON.PLA.D01.HARV.02593",,"ok","small tree","Standing dead",1.0,130,,1.9,,,,1.1,0.8,,,,,,,,,,,,,,,"Unknown cause of death","0000-0002-8951-4934","0000-0003-2931-6669",,
"23062080-ff76-4acb-8272-70023f6acb7d","HARV_021.basePlot.vst","2019-05-20","vst_HARV_2019","D01","HARV","HARV_021","NEON.PLA.D01.HARV.03451",,"notRequired",,"Lost, fate unknown",,,,,,,,,,,,,,,,,,,,,,,,"tag not found","0000-0002-8951-4934","0000-0003-2931-6669",,
"ed361d4b-9f56-494f-9167-53b5aa857c05","HARV_021.basePlot.vst","2019-05-20","vst_HARV_2019","D01","HARV","HARV_021","NEON.PLA.D01.HARV.05505",,"notRequired",,"Lost, fate unknown",,,,,,,,,,,,,,,,,,,,,,,,"Tag not found","0000-0002-8951-4934","0000-0003-2931-6669",,
"ee4a4a1e-26a0-4879-99c7-7a447dfa8a17","HARV_021.basePlot.vst","2019-05-20","vst_HARV_2019","D01","HARV","HARV_021","NEON.PLA.D01.HARV.10910",,"ok","single shrub","Live",1.8,130,,2.5,0.2,,,2.9,1.9,,"ellipsoid or sphere",3.0,10,,,,,,,,,,,,"0000-0002-8951-4934","0000-0003-2931-6669",,
"14dec61c-2fe4-4f5d-b34f-61151a347766","HARV_021.basePlot.vst","2019-05-20","vst_HARV_2019","D01","HARV","HARV_021","NEON.PLA.D01.HARV.02810",,"notRequired",,"Lost, fate unknown",,,,,,,,,,,,,,,,,,,,,,,,"tag not found","0000-0002-8951-4934","0000-0003-2931-6669",,
"c13e0558-7995-488b-81e1-b3fd1c7cce34","HARV_021.basePlot.vst","2019-05-20","vst_HARV_2019","D01","HARV","HARV_021","NEON.PLA.D01.HARV.05569",,"notRequired",,"Lost, fate unknown",,,,,,,,,,,,,,,,,,,,,,,,"tag not found","0000-0002-8951-4934","0000-0003-2931-6669",,
"9814c15e-01bd-41d9-b543-c385e791c6c7","HARV_021.basePlot.vst","2019-05-20","vst_HARV_2019","D01","HARV","HARV_021","NEON.PLA.D01.HARV.05553",,"notRequired",,"Lost, fate unknown",,,,,,,,,,,,,,,,,,,,,,,,"tag not found","0000-0002-8951-4934","0000-0003-2931-6669",,
"07c9d47f-d6dd-40fd-9a8c-c24f6276d321","HARV_021.basePlot.vst","2019-05-20","vst_HARV_2019","D01","HARV","HARV_021","NEON.PLA.D01.HARV.02600",,"notRequired",,"Lost, fate unknown",,,,,,,,,,,,,,,,,,,,,,,,"tag not found","0000-0002-8951-4934","0000-0003-2931-6669",,
"3ba36373-f5bb-4f33-925a-50be674ad72f","HARV_021.basePlot.vst","2019-05-20","vst_HARV_2019","D01","HARV","HARV_021","NEON.PLA.D01.HARV.05566",,"ok","single bole tree","Live",29.3,130,,21.8,,,,7.7,7.1,"Partially shaded",,,,,,,,,,,,,,,"0000-0002-8951-4934","0000-0003-2931-6669",,
"e6851aa6-b2aa-442f-b396-5e0fd741de18","HARV_021.basePlot.vst","2019-05-20","vst_HARV_2019","D01","HARV","HARV_021","NEON.PLA.D01.HARV.05521",,"notRequired",,"Lost, fate unknown",,,,,,,,,,,,,,,,,,,,,,,,"Tag not found","0000-0002-8951-4934","0000-0003-2931-6669",,
"1bf5d6eb-379b-4ee3-82a7-4e2073d20245","HARV_021.basePlot.vst","2019-05-20","vst_HARV_2019","D01","HARV","HARV_021","NEON.PLA.D01.HARV.02805",,"notRequired",,"Lost, fate unknown",,,,,,,,,,,,,,,,,,,,,,,,"tag not found","0000-0002-8951-4934","0000-0003-2931-6669",,
"fe16dc30-5fac-4eab-bd14-29d3bb6928a5","HARV_021.basePlot.vst","2019-05-20","vst_HARV_2019","D01","HARV","HARV_021","NEON.PLA.D01.HARV.02323",,"notRequired",,"Lost, fate unknown",,,,,,,,,,,,,,,,,,,,,,,,"tag not found","0000-0002-8951-4934","0000-0003-2931-6669",,
"012dff3f-68c0-4ff2-b653-f56d1914cbc7","HARV_021.basePlot.vst","2019-05-20","vst_HARV_2019","D01","HARV","HARV_021","NEON.PLA.D01.HARV.05519",,"notRequired",,"Lost, fate unknown",,,,,,,,,,,,,,,,,,,,,,,,"Tag not found","0000-0002-8951-4934","0000-0003-2931-6669",,
"e952f708-7c2a-4a8d-a205-eabc73c78901","HARV_021.basePlot.vst","2019-05-20","vst_HARV_2019","D01","HARV","HARV_021","NEON.PLA.D01.HARV.05565",,"ok","single bole tree","Live",41.0,130,,22.0,,,,6.3,5.2,"Partially shaded",,,,,,,,,,,,,,,"0000-0002-8951-4934","0000-0003-2931-6669",,
"5e90ee7f-88fa-48e3-a3a8-fba39f2f711e","HARV_021.basePlot.vst","2019-05-20","vst_HARV_2019","D01","HARV","HARV_021","NEON.PLA.D01.HARV.02837",,"notRequired",,"Lost, fate unknown",,,,,,,,,,,,,,,,,,,,,,,,"tag not found","0000-0002-8951-4934","0000-0003-2931-6669",,
"0bffdcd2-8e85-4bef-b134-88c005a14635","HARV_021.basePlot.vst","2019-05-20","vst_HARV_2019","D01","HARV","HARV_021","NEON.PLA.D01.HARV.05560",,"notRequired",,"Lost, fate unknown",,,,,,,,,,,,,,,,,,,,,,,,"tag not found","0000-0002-8951-4934","0000-0003-2931-6669",,
"3d9fd8ed-0053-4a70-a201-c2420ac593a8","HARV_021.basePlot.vst","2019-05-20","vst_HARV_2019","D01","HARV","HARV_021","NEON.PLA.D01.HARV.02530",,"notRequired",,"Lost, fate unknown",,,,,,,,,,,,,,,,,,,,,,,,"tag not found","0000-0002-8951-4934","0000-0003-2931-6669",,
"b9559721-5594-4014-b2c2-15802112175c","HARV_021.basePlot.vst","2019-05-20","vst_HARV_2019","D01","HARV","HARV_021","NEON.PLA.D01.HARV.05563",,"notRequired",,"Lost, fate unknown",,,,,,,,,,,,,,,,,,,,,,,,"tag not found","0000-0002-8951-4934","0000-0003-2931-6669",,
"68c49291-f33f-45f1-863b-0d3fa6455160","HARV_021.basePlot.vst","2019-05-20","vst_HARV_2019","D01","HARV","HARV_021","NEON.PLA.D01.HARV.02853",,"ok","sapling","Standing dead",,,,1.9,,,,,,,,1.8,10,,,,,,,,,,,"Death likely due to forest succession.","0000-0002-8951-4934","0000-0003-2931-6669",,
"053a013b-60c6-4a7d-8f8f-66c053c4d8c6","HARV_021.basePlot.vst","2019-05-20","vst_HARV_2019","D01","HARV","HARV_021","NEON.PLA.D01.HARV.02552",,"notRequired",,"Lost, fate unknown",,,,,,,,,,,,,,,,,,,,,,,,"tag not found","0000-0002-8951-4934","0000-0003-2931-6669",,
"c4924b96-a4db-44d7-a13d-3668a8b24839","HARV_021.basePlot.vst","2019-05-20","vst_HARV_2019","D01","HARV","HARV_021","NEON.PLA.D01.HARV.02808",,"notRequired",,"Lost, fate unknown",,,,,,,,,,,,,,,,,,,,,,,,"tag not found","0000-0002-8951-4934","0000-0003-2931-6669",,
"30a4bef1-da27-4d49-a96f-2a6f78723ee5","HARV_021.basePlot.vst","2019-05-20","vst_HARV_2019","D01","HARV","HARV_021","NEON.PLA.D01.HARV.05506",,"notRequired",,"Lost, fate unknown",,,,,,,,,,,,,,,,,,,,,,,,"Tag not found","0000-0002-8951-4934","0000-0003-2931-6669",,
"a37726e8-0ffa-417b-a80f-6303ca6e2723","HARV_021.basePlot.vst","2019-05-20","vst_HARV_2019","D01","HARV","HARV_021","NEON.PLA.D01.HARV.02801",,"ok","multi-bole tree","Live",16.0,130,,12.0,,,,7.9,7.2,"Mostly shaded",,,,,,,,,,,,,,,"0000-0002-8951-4934","0000-0003-2931-6669",,
"e3ef53fb-4615-4e50-b8e1-9dfd6f074694","HARV_021.basePlot.vst","2019-05-20","vst_HARV_2019","D01","HARV","HARV_021","NEON.PLA.D01.HARV.02544",,"ok",,"Downed",,,,,,,,,,,,,,,,,,,,,,,,"Might qualify for Coarse Downed Wood protocol","0000-0002-8951-4934","0000-0003-2931-6669",,
"a4f9f3bb-e7fc-4744-b6d6-af6b59a833b9","HARV_021.basePlot.vst","2019-05-20","vst_HARV_2019","D01","HARV","HARV_021","NEON.PLA.D01.HARV.05593",,"tagRemoved",,"No longer qualifies",,,,,,,,,,,,,,,,,,,,,,,,"Outside of nested plot","0000-0002-8951-4934","0000-0003-2931-6669",,
"18d6a962-b34c-43ba-ac66-cbdc159ce1e6","HARV_021.basePlot.vst","2019-05-20","vst_HARV_2019","D01","HARV","HARV_021","NEON.PLA.D01.HARV.05578",,"notRequired",,"Lost, fate unknown",,,,,,,,,,,,,,,,,,,,,,,,"tag not found","0000-0002-8951-4934","0000-0003-2931-6669",,
"a721089b-530b-46b6-b59d-d40f30cff393","HARV_021.basePlot.vst","2019-05-20","vst_HARV_2019","D01","HARV","HARV_021","NEON.PLA.D01.HARV.02547",,"notRequired",,"Lost, fate unknown",,,,,,,,,,,,,,,,,,,,,,,,"tag not found","0000-0002-8951-4934","0000-0003-2931-6669",,
"10f4cfe8-174f-4df4-86e6-0b1058eaeef6","HARV_021.basePlot.vst","2019-05-20","vst_HARV_2019","D01","HARV","HARV_021","NEON.PLA.D01.HARV.05688",,"ok","sapling","Standing dead",,,,1.5,,,,,,,,1.1,10,,,,,,,,,,,"Unknown cause of death","0000-0002-8951-4934","0000-0003-2931-6669",,
"2858d289-f75a-45be-9716-c66a70612458","HARV_021.basePlot.vst","2019-05-20","vst_HARV_2019","D01","HARV","HARV_021","NEON.PLA.D01.HARV.05524",,"notRequired",,"Lost, fate unknown",,,,,,,,,,,,,,,,,,,,,,,,"tag not found","0000-0002-8951-4934","0000-0003-2931-6669",,
"4cc7dc28-b1e9-4496-9fe8-e57df3f2ad2e","HARV_021.basePlot.vst","2019-05-20","vst_HARV_2019","D01","HARV","HARV_021","NEON.PLA.D01.HARV.02842",,"notRequired",,"Lost, fate unknown",,,,,,,,,,,,,,,,,,,,,,,,"tag not found","0000-0002-8951-4934","0000-0003-2931-6669",,
"48e29110-7565-4386-a2cd-02ebb98b6831","HARV_021.basePlot.vst","2019-05-20","vst_HARV_2019","D01","HARV","HARV_021","NEON.PLA.D01.HARV.02314",,"notRequired",,"Lost, fate unknown",,,,,,,,,,,,,,,,,,,,,,,,"tag not found","0000-0002-8951-4934","0000-0003-2931-6669",,
"ef685177-92b9-407a-b809-2611cbb7f622","HARV_021.basePlot.vst","2019-05-20","vst_HARV_2019","D01","HARV","HARV_021","NEON.PLA.D01.HARV.05550",,"notRequired",,"Lost, fate unknown",,,,,,,,,,,,,,,,,,,,,,,,"tag not found","0000-0002-8951-4934","0000-0003-2931-6669",,
"b8037eb8-3b21-4eb1-b2ef-35c22066fe29","HARV_021.basePlot.vst","2019-05-20","vst_HARV_2019","D01","HARV","HARV_021","NEON.PLA.D01.HARV.02850",,"ok","small tree","Standing dead",2.1,130,,3.4,,,,1.4,1.4,,,,,,,,,,,,,,,"Death likely due to forest succession.","0000-0002-8951-4934","0000-0003-2931-6669",,
"3dcac034-5e80-45b6-ad4c-f1f65ca9fa35","HARV_021.basePlot.vst","2019-05-20","vst_HARV_2019","D01","HARV","HARV_021","NEON.PLA.D01.HARV.02991",,"notRequired",,"Lost, fate unknown",,,,,,,,,,,,,,,,,,,,,,,,"tag not found","0000-0002-8951-4934","0000-0003-2931-6669",,
"c5b5d6e6-2308-4765-baac-f6d204da403f","HARV_021.basePlot.vst","2019-05-20","vst_HARV_2019","D01","HARV","HARV_021","NEON.PLA.D01.HARV.03457",,"notRequired",,"Lost, fate unknown",,,,,,,,,,,,,,,,,,,,,,,,"tag not found","0000-0002-8951-4934","0000-0003-2931-6669",,
"3fe1dceb-3d6d-4bb6-83ec-3303c070555b","HARV_021.basePlot.vst","2019-05-20","vst_HARV_2019","D01","HARV","HARV_021","NEON.PLA.D01.HARV.05581",,"notRequired",,"Lost, fate unknown",,,,,,,,,,,,,,,,,,,,,,,,"tag not found","0000-0002-8951-4934","0000-0003-2931-6669",,
"85f79f84-c9cc-4394-b266-cb62a18ccdbf","HARV_021.basePlot.vst","2019-05-20","vst_HARV_2019","D01","HARV","HARV_021","NEON.PLA.D01.HARV.02832",,"notRequired",,"Lost, fate unknown",,,,,,,,,,,,,,,,,,,,,,,,"tag not found","0000-0002-8951-4934","0000-0003-2931-6669",,
"b4169311-fdd3-4079-8ec2-8dc89e82bc64","HARV_021.basePlot.vst","2019-05-20","vst_HARV_2019","D01","HARV","HARV_021","NEON.PLA.D01.HARV.03458",,"notRequired",,"Lost, fate unknown",,,,,,,,,,,,,,,,,,,,,,,,"tag not found","0000-0002-8951-4934","0000-0003-2931-6669",,
"4507829b-d925-48e8-80fc-dd53ea531318","HARV_021.basePlot.vst","2019-05-20","vst_HARV_2019","D01","HARV","HARV_021","NEON.PLA.D01.HARV.05690",,"tagRemoved",,"No longer qualifies",,,,,,,,,,,,,,,,,,,,,,,,"Outside of nested subplot.","0000-0002-8951-4934","0000-0003-2931-6669",,
"822315ea-2bcd-4243-a60a-3f35a75db602","HARV_021.basePlot.vst","2019-05-20","vst_HARV_2019","D01","HARV","HARV_021","NEON.PLA.D01.HARV.11664B",,"ok","multi-bole tree","Dead, broken bole",23.2,130,,18.9,,3.5,20.5,9.5,6.7,"Partially shaded",,,,,,,,,,,,,,"Unknown cause of break and death","0000-0002-8951-4934","0000-0003-2931-6669",,
"b36a2602-00f3-4f58-89f9-a481ac9c2c26","HARV_021.basePlot.vst","2019-05-20","vst_HARV_2019","D01","HARV","HARV_021","NEON.PLA.D01.HARV.03445",,"tagRemoved",,"Downed",,,,,,,,,,,,,,,,,,,,,,,,"Too close to center for CDW.","0000-0002-8951-4934","0000-0003-2931-6669",,
"a2304df4-690d-47c5-9354-6346e737c443","HARV_021.basePlot.vst","2019-05-20","vst_HARV_2019","D01","HARV","HARV_021","NEON.PLA.D01.HARV.05559",,"notRequired",,"Lost, fate unknown",,,,,,,,,,,,,,,,,,,,,,,,"tag not found","0000-0002-8951-4934","0000-0003-2931-6669",,
"96fc7473-f4fb-455c-9c2f-d389992476df","HARV_021.basePlot.vst","2019-05-20","vst_HARV_2019","D01","HARV","HARV_021","NEON.PLA.D01.HARV.03450",,"notRequired",,"Lost, fate unknown",,,,,,,,,,,,,,,,,,,,,,,,"tag not found","0000-0002-8951-4934","0000-0003-2931-6669",,
"2cb47421-49ca-4c67-9f9b-1f0d2c076bba","HARV_021.basePlot.vst","2019-05-20","vst_HARV_2019","D01","HARV","HARV_021","NEON.PLA.D01.HARV.03456",,"notRequired",,"Lost, fate unknown",,,,,,,,,,,,,,,,,,,,,,,,"tag not found","0000-0002-8951-4934","0000-0003-2931-6669",,
"a0eb96d3-f7cd-4577-8950-1411993abec2","HARV_021.basePlot.vst","2019-05-20","vst_HARV_2019","D01","HARV","HARV_021","NEON.PLA.D01.HARV.02831",,"notRequired",,"Lost, fate unknown",,,,,,,,,,,,,,,,,,,,,,,,"tag not found","0000-0002-8951-4934","0000-0003-2931-6669",,
"58b54a6c-4f50-41f9-9c39-8790d6d8dec6","HARV_021.basePlot.vst","2019-05-20","vst_HARV_2019","D01","HARV","HARV_021","NEON.PLA.D01.HARV.05538",,"ok","single bole tree","Dead, broken bole",15.2,130,,5.7,,5.7,11.3,0.0,0.0,"Mostly shaded",,,,,,,,,,,,,,"Death likely caused by forest succession; broken bole likely caused by storm damage.","0000-0002-8951-4934","0000-0003-2931-6669",,
"18bf4f2f-6ce5-48a1-81a1-06466e7744bc","HARV_021.basePlot.vst","2019-05-20","vst_HARV_2019","D01","HARV","HARV_021","NEON.PLA.D01.HARV.05574",,"notRequired",,"Lost, fate unknown",,,,,,,,,,,,,,,,,,,,,,,,"tag not found","0000-0002-8951-4934","0000-0003-2931-6669",,
"4246eb6d-b22e-4eec-a631-1d3116aebfca","HARV_021.basePlot.vst","2019-05-20","vst_HARV_2019","D01","HARV","HARV_021","NEON.PLA.D01.HARV.02981",,"ok",,"Downed",,,,,,,,,,,,,,,,,,,,,,,,"Now CDW. Downed by storm damage.","0000-0002-8951-4934","0000-0003-2931-6669",,
"03dbfbb3-e4a2-4df4-95d5-38a54612175d","HARV_021.basePlot.vst","2019-05-20","vst_HARV_2019","D01","HARV","HARV_021","NEON.PLA.D01.HARV.05582",,"notRequired",,"Lost, fate unknown",,,,,,,,,,,,,,,,,,,,,,,,"tag not found","0000-0002-8951-4934","0000-0003-2931-6669",,
"7fadeb22-64ff-4ed7-95b3-825f82c0b5e8","HARV_021.basePlot.vst","2019-05-20","vst_HARV_2019","D01","HARV","HARV_021","NEON.PLA.D01.HARV.02534A",,"ok","multi-bole tree","Live",21.9,130,,19.1,,,,12.8,8.0,"Partially shaded",,,,,,,,,,,,,,,"0000-0002-8951-4934","0000-0003-2931-6669",,
"536f7e0e-8837-4bb9-8d9c-4011d6e2aa4e","HARV_021.basePlot.vst","2019-05-20","vst_HARV_2019","D01","HARV","HARV_021","NEON.PLA.D01.HARV.05598",,"notRequired",,"Lost, fate unknown",,,,,,,,,,,,,,,,,,,,,,,,"tag not found","0000-0002-8951-4934","0000-0003-2931-6669",,
"8dc437fa-1e09-43e1-96de-81deda306aba","HARV_021.basePlot.vst","2019-05-20","vst_HARV_2019","D01","HARV","HARV_021","NEON.PLA.D01.HARV.09976",,"ok","sapling","Standing dead",,,,1.2,,,,,,,,1.1,10,,,,,,,,,,,"Death likely due to forest succession.","0000-0002-8951-4934","0000-0003-2931-6669",,
"0ee98c33-1022-4c2a-8ee1-22d7aaf88acb","HARV_021.basePlot.vst","2019-05-20","vst_HARV_2019","D01","HARV","HARV_021","NEON.PLA.D01.HARV.03454",,"notRequired",,"Lost, fate unknown",,,,,,,,,,,,,,,,,,,,,,,,"tag not found","0000-0002-8951-4934","0000-0003-2931-6669",,
"ddb27b37-6f04-4455-942b-d50cd7f678fc","HARV_021.basePlot.vst","2019-05-20","vst_HARV_2019","D01","HARV","HARV_021","NEON.PLA.D01.HARV.05568",,"notRequired",,"Lost, fate unknown",,,,,,,,,,,,,,,,,,,,,,,,"tag not found","0000-0002-8951-4934","0000-0003-2931-6669",,
"118e4b8c-1ff2-4db6-a0e0-e7d9f75400f4","HARV_021.basePlot.vst","2019-05-20","vst_HARV_2019","D01","HARV","HARV_021","NEON.PLA.D01.HARV.02596",,"notRequired",,"Lost, fate unknown",,,,,,,,,,,,,,,,,,,,,,,,"tag not found","0000-0002-8951-4934","0000-0003-2931-6669",,
"2ce6d476-109a-4b08-87ac-ff1c4a1e14cb","HARV_021.basePlot.vst","2019-05-20","vst_HARV_2019","D01","HARV","HARV_021","NEON.PLA.D01.HARV.03434",,"notRequired",,"Lost, fate unknown",,,,,,,,,,,,,,,,,,,,,,,,"tag not found","0000-0002-8951-4934","0000-0003-2931-6669",,
"396d0929-76aa-4961-927d-8bb855c3b029","HARV_021.basePlot.vst","2019-05-20","vst_HARV_2019","D01","HARV","HARV_021","NEON.PLA.D01.HARV.03045",,"ok",,"Downed",,,,,,,,,,,,,,,,,,,,,,,,"Now CDW. Downed by storm damage.","0000-0002-8951-4934","0000-0003-2931-6669",,
"ebbe5d88-610e-43c7-95bf-5b9f54d3146c","HARV_021.basePlot.vst","2019-05-20","vst_HARV_2019","D01","HARV","HARV_021","NEON.PLA.D01.HARV.02900",,"notRequired",,"Lost, fate unknown",,,,,,,,,,,,,,,,,,,,,,,,"tag not found","0000-0002-8951-4934","0000-0003-2931-6669",,
"3a475c57-2c52-4f4e-abc2-3dcb105e627a","HARV_021.basePlot.vst","2019-05-20","vst_HARV_2019","D01","HARV","HARV_021","NEON.PLA.D01.HARV.05698",,"ok","small tree","Live",1.6,130,,2.8,,,,1.3,1.0,,,,,,,,,,,,,,,,"0000-0002-8951-4934","0000-0003-2931-6669",,
"a965b574-1bbe-46bd-872e-9381d6739000","HARV_021.basePlot.vst","2019-05-20","vst_HARV_2019","D01","HARV","HARV_021","NEON.PLA.D01.HARV.05530",,"notRequired",,"Lost, fate unknown",,,,,,,,,,,,,,,,,,,,,,,,"tag not found","0000-0002-8951-4934","0000-0003-2931-6669",,
"20854418-1208-4907-8622-1c0a321b3d58","HARV_021.basePlot.vst","2019-05-20","vst_HARV_2019","D01","HARV","HARV_021","NEON.PLA.D01.HARV.05576",,"notRequired",,"Lost, fate unknown",,,,,,,,,,,,,,,,,,,,,,,,"tag not found","0000-0002-8951-4934","0000-0003-2931-6669",,
"a4095639-fc2d-427a-9d62-c83ce3ddd8bc","HARV_021.basePlot.vst","2019-05-20","vst_HARV_2019","D01","HARV","HARV_021","NEON.PLA.D01.HARV.05562",,"notRequired",,"Lost, fate unknown",,,,,,,,,,,,,,,,,,,,,,,,"tag not found","0000-0002-8951-4934","0000-0003-2931-6669",,
"2660f756-5924-4e42-97c0-d95bb4311e9a","HARV_021.basePlot.vst","2019-05-20","vst_HARV_2019","D01","HARV","HARV_021","NEON.PLA.D01.HARV.02535",,"notRequired",,"Lost, fate unknown",,,,,,,,,,,,,,,,,,,,,,,,"tag not found","0000-0002-8951-4934","0000-0003-2931-6669",,
"d702a611-7797-4923-a1dc-f914ddb5cd97","HARV_021.basePlot.vst","2019-05-20","vst_HARV_2019","D01","HARV","HARV_021","NEON.PLA.D01.HARV.10910",,"ok","single shrub","Live,  other damage",1.4,130,,2.5,0.2,,,2.9,1.9,,"ellipsoid or sphere",2.4,10,,,,,,,,,,,"Crown damaged by lack of sunlight","0000-0002-8951-4934","0000-0003-2931-6669",,
"3820790e-990e-4a90-828f-f243684c0b55","HARV_021.basePlot.vst","2019-05-20","vst_HARV_2019","D01","HARV","HARV_021","NEON.PLA.D01.HARV.02565",,"notRequired",,"Lost, fate unknown",,,,,,,,,,,,,,,,,,,,,,,,"tag not found","0000-0002-8951-4934","0000-0003-2931-6669",,
"ea551f6c-b2e8-4668-9948-fee35db097b6","HARV_021.basePlot.vst","2019-05-20","vst_HARV_2019","D01","HARV","HARV_021","NEON.PLA.D01.HARV.02833",,"notRequired",,"Lost, fate unknown",,,,,,,,,,,,,,,,,,,,,,,,"tag not found","0000-0002-8951-4934","0000-0003-2931-6669",,
"263af29d-8488-4e4e-91a4-97bbced0e826","HARV_021.basePlot.vst","2019-05-20","vst_HARV_2019","D01","HARV","HARV_021","NEON.PLA.D01.HARV.02852",,"ok","sapling","Standing dead",,,,2.0,,,,,,,,1.1,10,,,,,,,,,,,"Death likely due to forest succession.","0000-0002-8951-4934","0000-0003-2931-6669",,
"e8225c7c-74af-44bb-97e5-7ccc7d711269","HARV_021.basePlot.vst","2019-05-20","vst_HARV_2019","D01","HARV","HARV_021","NEON.PLA.D01.HARV.05544",,"notRequired",,"Lost, fate unknown",,,,,,,,,,,,,,,,,,,,,,,,"Tag not found","0000-0002-8951-4934","0000-0003-2931-6669",,
"52a91595-4163-4813-90f8-14ffc0202d49","HARV_021.basePlot.vst","2019-05-20","vst_HARV_2019","D01","HARV","HARV_021","NEON.PLA.D01.HARV.05543",,"notRequired",,"Lost, fate unknown",,,,,,,,,,,,,,,,,,,,,,,,"Tag not found","0000-0002-8951-4934","0000-0003-2931-6669",,
"8acade5a-0224-404d-a393-9ca1820f9f16","HARV_021.basePlot.vst","2019-05-20","vst_HARV_2019","D01","HARV","HARV_021","NEON.PLA.D01.HARV.02579",,"notRequired",,"Lost, fate unknown",,,,,,,,,,,,,,,,,,,,,,,,"tag not found","0000-0002-8951-4934","0000-0003-2931-6669",,
"07d050c0-f3dc-417c-9713-51eaeb6348f5","HARV_021.basePlot.vst","2019-05-20","vst_HARV_2019","D01","HARV","HARV_021","NEON.PLA.D01.HARV.05529",,"notRequired",,"Lost, fate unknown",,,,,,,,,,,,,,,,,,,,,,,,"tag not found","0000-0002-8951-4934","0000-0003-2931-6669",,
"6fd8e02b-cb50-4004-add1-08d3c2be1541","HARV_021.basePlot.vst","2019-05-20","vst_HARV_2019","D01","HARV","HARV_021","NEON.PLA.D01.HARV.03449",,"notRequired",,"Lost, fate unknown",,,,,,,,,,,,,,,,,,,,,,,,"tag not found","0000-0002-8951-4934","0000-0003-2931-6669",,
"81b7e390-e344-4777-ba36-c2ad275748ec","HARV_021.basePlot.vst","2019-05-20","vst_HARV_2019","D01","HARV","HARV_021","NEON.PLA.D01.HARV.02568",,"notRequired",,"Lost, fate unknown",,,,,,,,,,,,,,,,,,,,,,,,"tag not found","0000-0002-8951-4934","0000-0003-2931-6669",,
"3db31d6e-659f-499f-8750-a81c2326c472","HARV_021.basePlot.vst","2019-05-20","vst_HARV_2019","D01","HARV","HARV_021","NEON.PLA.D01.HARV.02575",,"tagRemoved",,"Downed",,,,,,,,,,,,,,,,,,,,,,,,"Too small for CDW.","0000-0002-8951-4934","0000-0003-2931-6669",,
"91e84d53-df41-4440-9f23-b9f0651905ea","HARV_021.basePlot.vst","2019-05-20","vst_HARV_2019","D01","HARV","HARV_021","NEON.PLA.D01.HARV.03452",,"notRequired",,"Lost, fate unknown",,,,,,,,,,,,,,,,,,,,,,,,"tag not found","0000-0002-8951-4934","0000-0003-2931-6669",,
"3fa4c4f2-ac9f-4ea0-ac2a-dc6d89cbbe8e","HARV_021.basePlot.vst","2019-05-20","vst_HARV_2019","D01","HARV","HARV_021","NEON.PLA.D01.HARV.02829",,"ok","single bole tree","Live",25.7,130,,15.5,,,,12.1,9.1,"Partially shaded",,,,,,,,,,,,,,,"0000-0002-8951-4934","0000-0003-2931-6669",,
"693cc7ab-c5e5-4271-aa8a-2678b3634efc","HARV_021.basePlot.vst","2019-05-20","vst_HARV_2019","D01","HARV","HARV_021","NEON.PLA.D01.HARV.02557",,"notRequired",,"Lost, fate unknown",,,,,,,,,,,,,,,,,,,,,,,,"tag not found","0000-0002-8951-4934","0000-0003-2931-6669",,
"76267a4e-4a07-40d6-a951-578a8af21508","HARV_021.basePlot.vst","2019-05-20","vst_HARV_2019","D01","HARV","HARV_021","NEON.PLA.D01.HARV.02591",,"notRequired",,"Lost, fate unknown",,,,,,,,,,,,,,,,,,,,,,,,"tag not found","0000-0002-8951-4934","0000-0003-2931-6669",,
"d596de37-83e5-4b10-9182-f7ddef6b3c99","HARV_021.basePlot.vst","2019-05-20","vst_HARV_2019","D01","HARV","HARV_021","NEON.PLA.D01.HARV.02802",,"ok","single bole tree","Live",26.4,130,,20.8,,,,4.2,2.6,"Mostly shaded",,,,,,,,,,,,,,,"0000-0002-8951-4934","0000-0003-2931-6669",,
"7384bae1-b276-4718-94fc-d9185b5c5b5b","HARV_021.basePlot.vst","2019-05-20","vst_HARV_2019","D01","HARV","HARV_021","NEON.PLA.D01.HARV.05685",,"notRequired",,"Lost, fate unknown",,,,,,,,,,,,,,,,,,,,,,,,"tag not found","0000-0002-8951-4934","0000-0003-2931-6669",,
"478add62-d51f-43ba-b529-7b79bc1c42ca","HARV_021.basePlot.vst","2019-05-20","vst_HARV_2019","D01","HARV","HARV_021","NEON.PLA.D01.HARV.02856",,"notRequired",,"Lost, fate unknown",,,,,,,,,,,,,,,,,,,,,,,,"tag not found","0000-0002-8951-4934","0000-0003-2931-6669",,
"c3f119d7-d181-495b-ae7b-8f766048c2ce","HARV_021.basePlot.vst","2019-05-20","vst_HARV_2019","D01","HARV","HARV_021","NEON.PLA.D01.HARV.02972",,"notRequired",,"Lost, fate unknown",,,,,,,,,,,,,,,,,,,,,,,,"tag not found","0000-0002-8951-4934","0000-0003-2931-6669",,
"21bd4a41-6d77-4210-b3da-5483de1723f7","HARV_021.basePlot.vst","2019-05-20","vst_HARV_2019","D01","HARV","HARV_021","NEON.PLA.D01.HARV.02982",,"notRequired",,"Lost, fate unknown",,,,,,,,,,,,,,,,,,,,,,,,"tag not found","0000-0002-8951-4934","0000-0003-2931-6669",,
"7b87e21c-4df6-425f-a47c-4d6693c74e76","HARV_021.basePlot.vst","2019-05-20","vst_HARV_2019","D01","HARV","HARV_021","NEON.PLA.D01.HARV.05549",,"notRequired",,"Lost, fate unknown",,,,,,,,,,,,,,,,,,,,,,,,"tag not found","0000-0002-8951-4934","0000-0003-2931-6669",,
"da0228c2-ee99-458a-8062-fa1bc4014d0d","HARV_021.basePlot.vst","2019-05-20","vst_HARV_2019","D01","HARV","HARV_021","NEON.PLA.D01.HARV.02553",,"notRequired",,"Lost, fate unknown",,,,,,,,,,,,,,,,,,,,,,,,"tag not found","0000-0002-8951-4934","0000-0003-2931-6669",,
"fc1f4050-cb49-43a0-ac61-5cecc0ffcc31","HARV_021.basePlot.vst","2019-05-20","vst_HARV_2019","D01","HARV","HARV_021","NEON.PLA.D01.HARV.03426",,"notRequired",,"Lost, fate unknown",,,,,,,,,,,,,,,,,,,,,,,,"tag not found","0000-0002-8951-4934","0000-0003-2931-6669",,
"bace1233-84db-42da-be45-4021582d9e38","HARV_021.basePlot.vst","2019-05-20","vst_HARV_2019","D01","HARV","HARV_021","NEON.PLA.D01.HARV.02559",,"notRequired",,"Lost, fate unknown",,,,,,,,,,,,,,,,,,,,,,,,"tag not found","0000-0002-8951-4934","0000-0003-2931-6669",,
"bcc320a1-84b4-4cd1-9566-d0db8c898b40","HARV_021.basePlot.vst","2019-05-20","vst_HARV_2019","D01","HARV","HARV_021","NEON.PLA.D01.HARV.05693",,"notRequired",,"Lost, fate unknown",,,,,,,,,,,,,,,,,,,,,,,,"tag not found","0000-0002-8951-4934","0000-0003-2931-6669",,
"a44ff958-3f10-48c4-a796-7e61bc8850e6","HARV_021.basePlot.vst","2019-05-20","vst_HARV_2019","D01","HARV","HARV_021","NEON.PLA.D01.HARV.02581",,"notRequired",,"Lost, fate unknown",,,,,,,,,,,,,,,,,,,,,,,,"tag not found","0000-0002-8951-4934","0000-0003-2931-6669",,
"03d3bffb-1b2b-4c3a-bde0-edd0a4eb3b0d","HARV_021.basePlot.vst","2019-05-20","vst_HARV_2019","D01","HARV","HARV_021","NEON.PLA.D01.HARV.02574",,"notRequired",,"Lost, fate unknown",,,,,,,,,,,,,,,,,,,,,,,,"tag not found","0000-0002-8951-4934","0000-0003-2931-6669",,
"4a6ee3fc-d8b7-4454-bb8b-7864e7911ab8","HARV_021.basePlot.vst","2019-05-20","vst_HARV_2019","D01","HARV","HARV_021","NEON.PLA.D01.HARV.02990",,"notRequired",,"Lost, fate unknown",,,,,,,,,,,,,,,,,,,,,,,,"tag not found","0000-0002-8951-4934","0000-0003-2931-6669",,
"76f87ea6-885a-4c74-bc4b-788785491fac","HARV_021.basePlot.vst","2019-05-20","vst_HARV_2019","D01","HARV","HARV_021","NEON.PLA.D01.HARV.02823",,"notRequired",,"Lost, fate unknown",,,,,,,,,,,,,,,,,,,,,,,,"tag not found","0000-0002-8951-4934","0000-0003-2931-6669",,
"cd1da882-6578-45b8-b25e-249f9b4a6141","HARV_021.basePlot.vst","2019-05-20","vst_HARV_2019","D01","HARV","HARV_021","NEON.PLA.D01.HARV.02556",,"notRequired",,"Lost, fate unknown",,,,,,,,,,,,,,,,,,,,,,,,"tag not found","0000-0002-8951-4934","0000-0003-2931-6669",,
"424791b1-ea3c-4884-86eb-faeae2175fe1","HARV_021.basePlot.vst","2019-05-20","vst_HARV_2019","D01","HARV","HARV_021","NEON.PLA.D01.HARV.02572",,"notRequired",,"Lost, fate unknown",,,,,,,,,,,,,,,,,,,,,,,,"tag not found","0000-0002-8951-4934","0000-0003-2931-6669",,
"7504c1a7-a7f5-4719-816a-6f7d614b0e22","HARV_021.basePlot.vst","2019-05-20","vst_HARV_2019","D01","HARV","HARV_021","NEON.PLA.D01.HARV.02968",,"notRequired",,"Lost, fate unknown",,,,,,,,,,,,,,,,,,,,,,,,"tag not found","0000-0002-8951-4934","0000-0003-2931-6669",,
"a0b9ae2e-d6ef-4930-b8f2-129cae072be6","HARV_021.basePlot.vst","2019-05-20","vst_HARV_2019","D01","HARV","HARV_021","NEON.PLA.D01.HARV.02815",,"notRequired",,"Lost, fate unknown",,,,,,,,,,,,,,,,,,,,,,,,"tag not found","0000-0002-8951-4934","0000-0003-2931-6669",,
"8a2f5aad-9511-45cf-b5d0-2deae51eba23","HARV_021.basePlot.vst","2019-05-20","vst_HARV_2019","D01","HARV","HARV_021","NEON.PLA.D01.HARV.02976",,"notRequired",,"Lost, fate unknown",,,,,,,,,,,,,,,,,,,,,,,,"tag not found","0000-0002-8951-4934","0000-0003-2931-6669",,
"bd538d12-42b8-44c7-91c5-e9a7276b7c6a","HARV_021.basePlot.vst","2019-05-20","vst_HARV_2019","D01","HARV","HARV_021","NEON.PLA.D01.HARV.02541",,"notRequired",,"Lost, fate unknown",,,,,,,,,,,,,,,,,,,,,,,,"tag not found","0000-0002-8951-4934","0000-0003-2931-6669",,
"c91d48b2-9911-412e-a197-8c4a36cd8443","HARV_021.basePlot.vst","2019-05-20","vst_HARV_2019","D01","HARV","HARV_021","NEON.PLA.D01.HARV.02961",,"tagRemoved",,"Downed",,,,,,,,,,,,,,,,,,,,,,,,"Too close to center for CDW.","0000-0002-8951-4934","0000-0003-2931-6669",,
"b61b2399-2a30-4e03-9c96-2391784e056d","HARV_021.basePlot.vst","2019-05-20","vst_HARV_2019","D01","HARV","HARV_021","NEON.PLA.D01.HARV.03125",,"notRequired",,"Lost, fate unknown",,,,,,,,,,,,,,,,,,,,,,,,"tag not found","0000-0002-8951-4934","0000-0003-2931-6669",,
"7ccd851d-f15e-406f-8d2b-d70122dfdcf2","HARV_021.basePlot.vst","2019-05-20","vst_HARV_2019","D01","HARV","HARV_021","NEON.PLA.D01.HARV.02975",,"notRequired",,"Lost, fate unknown",,,,,,,,,,,,,,,,,,,,,,,,"tag not found","0000-0002-8951-4934","0000-0003-2931-6669",,
"d63dc447-4cc6-4278-aba1-f2504fda6a31","HARV_021.basePlot.vst","2019-05-20","vst_HARV_2019","D01","HARV","HARV_021","NEON.PLA.D01.HARV.05561",,"notRequired",,"Lost, fate unknown",,,,,,,,,,,,,,,,,,,,,,,,"tag not found","0000-0002-8951-4934","0000-0003-2931-6669",,
"7ee03158-70ba-43b3-8fe6-1ff79c80124d","HARV_021.basePlot.vst","2019-05-20","vst_HARV_2019","D01","HARV","HARV_021","NEON.PLA.D01.HARV.05600",,"notRequired",,"Lost, fate unknown",,,,,,,,,,,,,,,,,,,,,,,,"tag not found","0000-0002-8951-4934","0000-0003-2931-6669",,
"a831ff4d-c04b-4686-9ed8-6c62db7adc70","HARV_021.basePlot.vst","2019-05-20","vst_HARV_2019","D01","HARV","HARV_021","NEON.PLA.D01.HARV.02550",,"notRequired",,"Lost, fate unknown",,,,,,,,,,,,,,,,,,,,,,,,"tag not found","0000-0002-8951-4934","0000-0003-2931-6669",,
"409ea411-37d2-4d95-a2e2-7d9d2b16d74c","HARV_021.basePlot.vst","2019-05-20","vst_HARV_2019","D01","HARV","HARV_021","NEON.PLA.D01.HARV.02533",,"notRequired",,"Lost, fate unknown",,,,,,,,,,,,,,,,,,,,,,,,"tag not found","0000-0002-8951-4934","0000-0003-2931-6669",,
"30e23940-37d5-4850-b001-b0c937c5b288","HARV_021.basePlot.vst","2019-05-20","vst_HARV_2019","D01","HARV","HARV_021","NEON.PLA.D01.HARV.03441",,"notRequired",,"Lost, fate unknown",,,,,,,,,,,,,,,,,,,,,,,,"tag not found","0000-0002-8951-4934","0000-0003-2931-6669",,
"3fb61db9-4a2c-4c57-af24-1a3d911f5c5a","HARV_021.basePlot.vst","2019-05-20","vst_HARV_2019","D01","HARV","HARV_021","NEON.PLA.D01.HARV.05700",,"notRequired",,"Lost, fate unknown",,,,,,,,,,,,,,,,,,,,,,,,"tag not found","0000-0002-8951-4934","0000-0003-2931-6669",,
"89836eca-44c0-4edc-8eb3-580ba589c4db","HARV_021.basePlot.vst","2019-05-20","vst_HARV_2019","D01","HARV","HARV_021","NEON.PLA.D01.HARV.02534",,"ok","multi-bole tree","Live",30.4,130,,19.1,,,,12.8,8.0,"Partially shaded",,,,,,,,,,,,,,,"0000-0002-8951-4934","0000-0003-2931-6669",,
"0c902cbc-77c7-4dd6-aec6-176f8bc03591","HARV_021.basePlot.vst","2019-05-20","vst_HARV_2019","D01","HARV","HARV_021","NEON.PLA.D01.HARV.02963",,"notRequired",,"Lost, fate unknown",,,,,,,,,,,,,,,,,,,,,,,,"tag not found","0000-0002-8951-4934","0000-0003-2931-6669",,
"40692ebd-9dc5-447b-bd55-b9ddbe5fe390","HARV_021.basePlot.vst","2019-05-20","vst_HARV_2019","D01","HARV","HARV_021","NEON.PLA.D01.HARV.02824",,"notRequired",,"Lost, fate unknown",,,,,,,,,,,,,,,,,,,,,,,,"tag not found","0000-0002-8951-4934","0000-0003-2931-6669",,
"cafcd617-8baa-4041-be0c-1c6eaeac49ac","HARV_021.basePlot.vst","2019-05-20","vst_HARV_2019","D01","HARV","HARV_021","NEON.PLA.D01.HARV.02958",,"notRequired",,"Lost, fate unknown",,,,,,,,,,,,,,,,,,,,,,,,"tag not found","0000-0002-8951-4934","0000-0003-2931-6669",,
"8055436e-450b-4bfd-9648-22b912b44bbe","HARV_021.basePlot.vst","2019-05-20","vst_HARV_2019","D01","HARV","HARV_021","NEON.PLA.D01.HARV.02814",,"notRequired",,"Lost, fate unknown",,,,,,,,,,,,,,,,,,,,,,,,"tag not found","0000-0002-8951-4934","0000-0003-2931-6669",,
"1cbff3ff-0918-4f2a-b973-c7b897aa77c5","HARV_021.basePlot.vst","2019-05-20","vst_HARV_2019","D01","HARV","HARV_021","NEON.PLA.D01.HARV.05680",,"notRequired",,"Lost, fate unknown",,,,,,,,,,,,,,,,,,,,,,,,"tag not found","0000-0002-8951-4934","0000-0003-2931-6669",,
"a076be46-4a1a-415f-90d1-3bef88dd26c6","HARV_021.basePlot.vst","2019-05-20","vst_HARV_2019","D01","HARV","HARV_021","NEON.PLA.D01.HARV.02594",,"notRequired",,"Lost, fate unknown",,,,,,,,,,,,,,,,,,,,,,,,"tag not found","0000-0002-8951-4934","0000-0003-2931-6669",,
"353028fb-ed60-497e-971f-7d9f69887bbd","HARV_021.basePlot.vst","2019-05-20","vst_HARV_2019","D01","HARV","HARV_021","NEON.PLA.D01.HARV.11664A",,"ok","multi-bole tree","Dead, broken bole",28.4,130,,18.9,,3.6,23.0,9.5,6.7,"Partially shaded",,,,,,,,,,,,,,"Unknown cause of break and death","0000-0002-8951-4934","0000-0003-2931-6669",,
"a92db6e1-237d-4a68-8eeb-ee88b16b22e5","HARV_021.basePlot.vst","2019-05-20","vst_HARV_2019","D01","HARV","HARV_021","NEON.PLA.D01.HARV.02806",,"notRequired",,"Lost, fate unknown",,,,,,,,,,,,,,,,,,,,,,,,"tag not found","0000-0002-8951-4934","0000-0003-2931-6669",,
"fc0aed97-7469-4cd6-b4bb-b5ad27035c28","HARV_021.basePlot.vst","2019-05-20","vst_HARV_2019","D01","HARV","HARV_021","NEON.PLA.D01.HARV.05580",,"notRequired",,"Lost, fate unknown",,,,,,,,,,,,,,,,,,,,,,,,"tag not found","0000-0002-8951-4934","0000-0003-2931-6669",,
"cc38769d-d473-4489-af75-93c2f734889a","HARV_021.basePlot.vst","2019-05-20","vst_HARV_2019","D01","HARV","HARV_021","NEON.PLA.D01.HARV.03448",,"notRequired",,"Lost, fate unknown",,,,,,,,,,,,,,,,,,,,,,,,"tag not found","0000-0002-8951-4934","0000-0003-2931-6669",,
"72148c2a-84cc-413c-88c1-b9f7c03076b0","HARV_021.basePlot.vst","2019-05-20","vst_HARV_2019","D01","HARV","HARV_021","NEON.PLA.D01.HARV.03446",,"notRequired",,"Lost, fate unknown",,,,,,,,,,,,,,,,,,,,,,,,"tag not found","0000-0002-8951-4934","0000-0003-2931-6669",,
"269d5477-a68b-4c16-8a9a-aaa100056e1c","HARV_021.basePlot.vst","2019-05-20","vst_HARV_2019","D01","HARV","HARV_021","NEON.PLA.D01.HARV.02807",,"notRequired",,"Lost, fate unknown",,,,,,,,,,,,,,,,,,,,,,,,"tag not found","0000-0002-8951-4934","0000-0003-2931-6669",,
"4dc3ecda-e853-4053-82d8-cda8ff798af6","HARV_021.basePlot.vst","2019-05-20","vst_HARV_2019","D01","HARV","HARV_021","NEON.PLA.D01.HARV.02828",,"notRequired",,"Lost, fate unknown",,,,,,,,,,,,,,,,,,,,,,,,"tag not found","0000-0002-8951-4934","0000-0003-2931-6669",,
"70955acf-4135-4c2b-8845-c51d12df3eb7","HARV_021.basePlot.vst","2019-05-20","vst_HARV_2019","D01","HARV","HARV_021","NEON.PLA.D01.HARV.02854",,"ok","small tree","Standing dead",1.7,130,,3.3,,,,1.6,1.5,,,,,,,,,,,,,,,"Unknown cause of death","0000-0002-8951-4934","0000-0003-2931-6669",,
"556b0df5-0c0d-4536-acda-82921bc3a05b","HARV_021.basePlot.vst","2019-05-20","vst_HARV_2019","D01","HARV","HARV_021","NEON.PLA.D01.HARV.02851",,"ok","small tree","Live",2.0,130,,3.5,,,,1.5,1.4,,,,,,,,,,,,,,,,"0000-0002-8951-4934","0000-0003-2931-6669",,
"08fa555d-20d2-45e1-aa31-c6aa358139e1","HARV_021.basePlot.vst","2019-05-20","vst_HARV_2019","D01","HARV","HARV_021","NEON.PLA.D01.HARV.02962",,"notRequired",,"Lost, fate unknown",,,,,,,,,,,,,,,,,,,,,,,,"tag not found","0000-0002-8951-4934","0000-0003-2931-6669",,
"9e803fe4-930d-4723-9e87-6a0360a1a400","HARV_021.basePlot.vst","2019-05-20","vst_HARV_2019","D01","HARV","HARV_021","NEON.PLA.D01.HARV.02561",,"notRequired",,"Lost, fate unknown",,,,,,,,,,,,,,,,,,,,,,,,"tag not found","0000-0002-8951-4934","0000-0003-2931-6669",,
"34961aa3-ddbf-47d6-a901-186e013091d3","HARV_021.basePlot.vst","2019-05-20","vst_HARV_2019","D01","HARV","HARV_021","NEON.PLA.D01.HARV.03435",,"notRequired",,"Lost, fate unknown",,,,,,,,,,,,,,,,,,,,,,,,"tag not found","0000-0002-8951-4934","0000-0003-2931-6669",,
"72853b7a-ed56-4c38-be7f-82448b968ca2","HARV_021.basePlot.vst","2019-05-20","vst_HARV_2019","D01","HARV","HARV_021","NEON.PLA.D01.HARV.03439",,"ok","small tree","Standing dead",1.9,130,,3.0,,,,1.0,0.9,,,,,,,,,,,,,,,"Death likely due to forest succession.","0000-0002-8951-4934","0000-0003-2931-6669",,
"f36cdd14-18c8-455a-a255-48b4c58cc30e","HARV_021.basePlot.vst","2019-05-20","vst_HARV_2019","D01","HARV","HARV_021","NEON.PLA.D01.HARV.02985",,"notRequired",,"Lost, fate unknown",,,,,,,,,,,,,,,,,,,,,,,,"tag not found","0000-0002-8951-4934","0000-0003-2931-6669",,
"fe9d1137-d96b-4b0a-92c6-29f4724b9e90","HARV_021.basePlot.vst","2019-05-20","vst_HARV_2019","D01","HARV","HARV_021","NEON.PLA.D01.HARV.05592",,"notRequired",,"Lost, fate unknown",,,,,,,,,,,,,,,,,,,,,,,,"tag not found","0000-0002-8951-4934","0000-0003-2931-6669",,
"a54db8b8-e42b-4b40-a7a4-98222d30741c","HARV_021.basePlot.vst","2019-05-20","vst_HARV_2019","D01","HARV","HARV_021","NEON.PLA.D01.HARV.05556",,"notRequired",,"Lost, fate unknown",,,,,,,,,,,,,,,,,,,,,,,,"tag not found","0000-0002-8951-4934","0000-0003-2931-6669",,
"fdd58e49-b69a-465c-b40c-91d549d1dd10","HARV_021.basePlot.vst","2019-05-20","vst_HARV_2019","D01","HARV","HARV_021","NEON.PLA.D01.HARV.02899",,"notRequired",,"Lost, fate unknown",,,,,,,,,,,,,,,,,,,,,,,,"tag not found","0000-0002-8951-4934","0000-0003-2931-6669",,
"c9337406-c2d5-426d-8b10-57159e14d727","HARV_021.basePlot.vst","2019-05-20","vst_HARV_2019","D01","HARV","HARV_021","NEON.PLA.D01.HARV.02830",,"tagRemoved",,"No longer qualifies",,,,,,,,,,,,,,,,,,,,,,,,"Outside of nested subplot.","0000-0002-8951-4934","0000-0003-2931-6669",,
"896397de-4979-4851-875b-d96eb52ac8b7","HARV_021.basePlot.vst","2019-05-20","vst_HARV_2019","D01","HARV","HARV_021","NEON.PLA.D01.HARV.02539",,"notRequired",,"Lost, fate unknown",,,,,,,,,,,,,,,,,,,,,,,,"tag not found","0000-0002-8951-4934","0000-0003-2931-6669",,
"cbd698b7-3bd5-43a4-9ad8-c84749882d43","HARV_021.basePlot.vst","2019-05-20","vst_HARV_2019","D01","HARV","HARV_021","NEON.PLA.D01.HARV.05546",,"notRequired",,"Lost, fate unknown",,,,,,,,,,,,,,,,,,,,,,,,"tag not found","0000-0002-8951-4934","0000-0003-2931-6669",,
"22d95539-4813-43cc-a73b-e9cdfbdfa4a9","HARV_021.basePlot.vst","2019-05-20","vst_HARV_2019","D01","HARV","HARV_021","NEON.PLA.D01.HARV.05531",,"notRequired",,"Lost, fate unknown",,,,,,,,,,,,,,,,,,,,,,,,"tag not found","0000-0002-8951-4934","0000-0003-2931-6669",,
"e285e428-87ce-4622-906e-da58ff22a861","HARV_021.basePlot.vst","2019-05-20","vst_HARV_2019","D01","HARV","HARV_021","NEON.PLA.D01.HARV.02840",,"notRequired",,"Lost, fate unknown",,,,,,,,,,,,,,,,,,,,,,,,"tag not found","0000-0002-8951-4934","0000-0003-2931-6669",,
"788b5239-dabb-4005-b31a-d2024b0e765c","HARV_021.basePlot.vst","2019-05-20","vst_HARV_2019","D01","HARV","HARV_021","NEON.PLA.D01.HARV.05585",,"notRequired",,"Lost, fate unknown",,,,,,,,,,,,,,,,,,,,,,,,"tag not found","0000-0002-8951-4934","0000-0003-2931-6669",,
"176ef520-08f2-431f-bfe7-b219c3abea9e","HARV_021.basePlot.vst","2019-05-20","vst_HARV_2019","D01","HARV","HARV_021","NEON.PLA.D01.HARV.02974",,"notRequired",,"Lost, fate unknown",,,,,,,,,,,,,,,,,,,,,,,,"tag not found","0000-0002-8951-4934","0000-0003-2931-6669",,
"fdaeb403-13e5-4ecc-a35c-6365816cec6c","HARV_021.basePlot.vst","2019-05-20","vst_HARV_2019","D01","HARV","HARV_021","NEON.PLA.D01.HARV.03437",,"tagRemoved",,"Downed",,,,,,,,,,,,,,,,,,,,,,,,"Too close to center for CDW; tag removed.","0000-0002-8951-4934","0000-0003-2931-6669",,
"55bab437-3e32-4f3c-9a17-3c160e67f635","HARV_021.basePlot.vst","2019-05-20","vst_HARV_2019","D01","HARV","HARV_021","NEON.PLA.D01.HARV.02545",,"notRequired",,"Lost, fate unknown",,,,,,,,,,,,,,,,,,,,,,,,"tag not found","0000-0002-8951-4934","0000-0003-2931-6669",,
"d5024e15-6265-4c2e-8c66-0c48168a187f","HARV_021.basePlot.vst","2019-05-20","vst_HARV_2019","D01","HARV","HARV_021","NEON.PLA.D01.HARV.05575",,"notRequired",,"Lost, fate unknown",,,,,,,,,,,,,,,,,,,,,,,,"tag not found","0000-0002-8951-4934","0000-0003-2931-6669",,
"c674358b-26c1-4c91-a789-efe7b22a8373","HARV_021.basePlot.vst","2019-05-20","vst_HARV_2019","D01","HARV","HARV_021","NEON.PLA.D01.HARV.05555",,"notRequired",,"Lost, fate unknown",,,,,,,,,,,,,,,,,,,,,,,,"tag not found","0000-0002-8951-4934","0000-0003-2931-6669",,
"75cd5c45-feac-4600-9265-44dae1757c8d","HARV_021.basePlot.vst","2019-05-20","vst_HARV_2019","D01","HARV","HARV_021","NEON.PLA.D01.HARV.05594",,"notRequired",,"Lost, fate unknown",,,,,,,,,,,,,,,,,,,,,,,,"tag not found","0000-0002-8951-4934","0000-0003-2931-6669",,
"f5400731-8603-44ac-89cc-aebaae02f6bc","HARV_021.basePlot.vst","2019-05-20","vst_HARV_2019","D01","HARV","HARV_021","NEON.PLA.D01.HARV.05691",,"notRequired",,"Lost, fate unknown",,,,,,,,,,,,,,,,,,,,,,,,"tag not found","0000-0002-8951-4934","0000-0003-2931-6669",,
"cea71628-f3ed-4d0a-b791-6e8f0f38b641","HARV_021.basePlot.vst","2019-05-20","vst_HARV_2019","D01","HARV","HARV_021","NEON.PLA.D01.HARV.05501",,"notRequired",,"Lost, fate unknown",,,,,,,,,,,,,,,,,,,,,,,,"Tag not found","0000-0002-8951-4934","0000-0003-2931-6669",,
"2e9566b5-9583-4c57-8e95-8e9857e04ec5","HARV_021.basePlot.vst","2019-05-20","vst_HARV_2019","D01","HARV","HARV_021","NEON.PLA.D01.HARV.05547",,"notRequired",,"Lost, fate unknown",,,,,,,,,,,,,,,,,,,,,,,,"tag not found","0000-0002-8951-4934","0000-0003-2931-6669",,
"99aa2c72-64cc-46b7-b007-58201d91a19d","HARV_021.basePlot.vst","2019-05-20","vst_HARV_2019","D01","HARV","HARV_021","NEON.PLA.D01.HARV.05679",,"notRequired",,"Lost, fate unknown",,,,,,,,,,,,,,,,,,,,,,,,"tag not found","0000-0002-8951-4934","0000-0003-2931-6669",,
"5a4ea140-11fa-4fdf-a2d2-65cf03baffab","HARV_021.basePlot.vst","2019-05-20","vst_HARV_2019","D01","HARV","HARV_021","NEON.PLA.D01.HARV.03475",,"notRequired",,"Lost, fate unknown",,,,,,,,,,,,,,,,,,,,,,,,"tag not found","0000-0002-8951-4934","0000-0003-2931-6669",,
"1b028d72-4a3e-4a55-a363-ee172b0edbe1","HARV_021.basePlot.vst","2019-05-20","vst_HARV_2019","D01","HARV","HARV_021","NEON.PLA.D01.HARV.02989",,"notRequired",,"Lost, fate unknown",,,,,,,,,,,,,,,,,,,,,,,,"tag not found","0000-0002-8951-4934","0000-0003-2931-6669",,
"c07c329d-ad4d-47ea-a307-158a19a13197","HARV_021.basePlot.vst","2019-05-20","vst_HARV_2019","D01","HARV","HARV_021","NEON.PLA.D01.HARV.02898",,"notRequired",,"Lost, fate unknown",,,,,,,,,,,,,,,,,,,,,,,,"tag not found","0000-0002-8951-4934","0000-0003-2931-6669",,
"385329d2-fc6e-4f2f-bf30-c81b4224c7f2","HARV_021.basePlot.vst","2019-05-20","vst_HARV_2019","D01","HARV","HARV_021","NEON.PLA.D01.HARV.02576",,"notRequired",,"Lost, fate unknown",,,,,,,,,,,,,,,,,,,,,,,,"tag not found","0000-0002-8951-4934","0000-0003-2931-6669",,
"fc65683d-3b6a-458c-a4ac-f05ce7e2e555","HARV_021.basePlot.vst","2019-05-20","vst_HARV_2019","D01","HARV","HARV_021","NEON.PLA.D01.HARV.05579",,"notRequired",,"Lost, fate unknown",,,,,,,,,,,,,,,,,,,,,,,,"tag not found","0000-0002-8951-4934","0000-0003-2931-6669",,
"d64bbef6-ee36-4462-8a86-d35c26852b7f","HARV_021.basePlot.vst","2019-05-20","vst_HARV_2019","D01","HARV","HARV_021","NEON.PLA.D01.HARV.02954",,"notRequired",,"Lost, fate unknown",,,,,,,,,,,,,,,,,,,,,,,,"tag not found","0000-0002-8951-4934","0000-0003-2931-6669",,
"82646e1f-df9a-4274-a206-f6753e765645","HARV_021.basePlot.vst","2019-05-20","vst_HARV_2019","D01","HARV","HARV_021","NEON.PLA.D01.HARV.05545",,"notRequired",,"Lost, fate unknown",,,,,,,,,,,,,,,,,,,,,,,,"Tag not found","0000-0002-8951-4934","0000-0003-2931-6669",,
"72e4859a-1f8d-4cb4-88d9-2599ad77bc79","HARV_021.basePlot.vst","2019-05-20","vst_HARV_2019","D01","HARV","HARV_021","NEON.PLA.D01.HARV.02983",,"notRequired",,"Lost, fate unknown",,,,,,,,,,,,,,,,,,,,,,,,"tag not found","0000-0002-8951-4934","0000-0003-2931-6669",,
"db1043ad-328f-4fe3-a5aa-37eb9943fdea","HARV_021.basePlot.vst","2019-05-20","vst_HARV_2019","D01","HARV","HARV_021","NEON.PLA.D01.HARV.05523",,"notRequired",,"Lost, fate unknown",,,,,,,,,,,,,,,,,,,,,,,,"tag not found","0000-0002-8951-4934","0000-0003-2931-6669",,
"5ada06f5-4a99-44b4-807f-140c7f80f3eb","HARV_021.basePlot.vst","2019-05-20","vst_HARV_2019","D01","HARV","HARV_021","NEON.PLA.D01.HARV.02855",,"notRequired",,"Lost, fate unknown",,,,,,,,,,,,,,,,,,,,,,,,"tag not found","0000-0002-8951-4934","0000-0003-2931-6669",,
"3062dc80-6f7b-4e97-9258-43aa20ea4211","HARV_021.basePlot.vst","2019-05-20","vst_HARV_2019","D01","HARV","HARV_021","NEON.PLA.D01.HARV.05687",,"ok","sapling","Live",,,,2.2,,,,,,,,1.6,10,,,,,,,,,,,,"0000-0002-8951-4934","0000-0003-2931-6669",,
"0d5c4662-255c-450d-8e95-40bd7bcbd586","HARV_021.basePlot.vst","2019-05-20","vst_HARV_2019","D01","HARV","HARV_021","NEON.PLA.D01.HARV.02959",,"notRequired",,"Lost, fate unknown",,,,,,,,,,,,,,,,,,,,,,,,"tag not found","0000-0002-8951-4934","0000-0003-2931-6669",,
"1c80b06c-11a2-402f-96c4-a68b4701b656","HARV_021.basePlot.vst","2019-05-20","vst_HARV_2019","D01","HARV","HARV_021","NEON.PLA.D01.HARV.03456",,"notRequired",,"Lost, fate unknown",,,,,,,,,,,,,,,,,,,,,,,,"tag not found","0000-0002-8951-4934","0000-0003-2931-6669",,
"8d8d3001-2367-432a-881c-56ae6f9e445b","HARV_021.basePlot.vst","2019-05-20","vst_HARV_2019","D01","HARV","HARV_021","NEON.PLA.D01.HARV.02699",,"notRequired",,"Lost, fate unknown",,,,,,,,,,,,,,,,,,,,,,,,"tag not found","0000-0002-8951-4934","0000-0003-2931-6669",,
"3e582d92-5354-4436-93a2-48b608222c68","HARV_021.basePlot.vst","2019-05-20","vst_HARV_2019","D01","HARV","HARV_021","NEON.PLA.D01.HARV.05669",,"notRequired",,"Lost, fate unknown",,,,,,,,,,,,,,,,,,,,,,,,"tag not found","0000-0002-8951-4934","0000-0003-2931-6669",,
"13330b0b-d7c8-47c4-a924-54778704f7dd","HARV_021.basePlot.vst","2019-05-20","vst_HARV_2019","D01","HARV","HARV_021","NEON.PLA.D01.HARV.02844",,"notRequired",,"Lost, fate unknown",,,,,,,,,,,,,,,,,,,,,,,,"tag not found","0000-0002-8951-4934","0000-0003-2931-6669",,
"37d745b6-7852-4587-9507-8a409704a35a","HARV_021.basePlot.vst","2019-05-20","vst_HARV_2019","D01","HARV","HARV_021","NEON.PLA.D01.HARV.02964",,"notRequired",,"Lost, fate unknown",,,,,,,,,,,,,,,,,,,,,,,,"tag not found","0000-0002-8951-4934","0000-0003-2931-6669",,
"4780b621-c2da-4e4d-8a15-e3189eb56574","HARV_021.basePlot.vst","2019-05-20","vst_HARV_2019","D01","HARV","HARV_021","NEON.PLA.D01.HARV.05522",,"notRequired",,"Lost, fate unknown",,,,,,,,,,,,,,,,,,,,,,,,"Tag not found","0000-0002-8951-4934","0000-0003-2931-6669",,
"aa53bf03-dd49-422d-bafa-7dd66f8b616b","HARV_021.basePlot.vst","2019-05-20","vst_HARV_2019","D01","HARV","HARV_021","NEON.PLA.D01.HARV.02573",,"notRequired",,"Lost, fate unknown",,,,,,,,,,,,,,,,,,,,,,,,"tag not found","0000-0002-8951-4934","0000-0003-2931-6669",,
"e7edefb6-ef06-472d-99c6-47ea09892baa","HARV_021.basePlot.vst","2019-05-20","vst_HARV_2019","D01","HARV","HARV_021","NEON.PLA.D01.HARV.02543",,"tagRemoved",,"No longer qualifies",,,,,,,,,,,,,,,,,,,,,,,,"Outside of nested subplot.","0000-0002-8951-4934","0000-0003-2931-6669",,
"43cb1a44-8229-47f4-b8eb-7d31ac066494","HARV_021.basePlot.vst","2019-05-20","vst_HARV_2019","D01","HARV","HARV_021","NEON.PLA.D01.HARV.02979",,"notRequired",,"Lost, fate unknown",,,,,,,,,,,,,,,,,,,,,,,,"tag not found","0000-0002-8951-4934","0000-0003-2931-6669",,
"a832dd09-295f-4ba6-b090-48d51b5db526","HARV_021.basePlot.vst","2019-05-20","vst_HARV_2019","D01","HARV","HARV_021","NEON.PLA.D01.HARV.05694",,"notRequired",,"Lost, fate unknown",,,,,,,,,,,,,,,,,,,,,,,,"tag not found","0000-0002-8951-4934","0000-0003-2931-6669",,
"de02a6d3-6b2e-40f5-b970-a174ea3dfff4","HARV_021.basePlot.vst","2019-05-20","vst_HARV_2019","D01","HARV","HARV_021","NEON.PLA.D01.HARV.02811",,"notRequired",,"Lost, fate unknown",,,,,,,,,,,,,,,,,,,,,,,,"tag not found","0000-0002-8951-4934","0000-0003-2931-6669",,
"6dc7a90a-9e3b-415d-b063-0a40b572d08d","HARV_021.basePlot.vst","2019-05-20","vst_HARV_2019","D01","HARV","HARV_021","NEON.PLA.D01.HARV.02987",,"notRequired",,"Lost, fate unknown",,,,,,,,,,,,,,,,,,,,,,,,"tag not found","0000-0002-8951-4934","0000-0003-2931-6669",,
"976f2ad1-6603-414d-bfb7-be78a081e21e","HARV_021.basePlot.vst","2019-05-20","vst_HARV_2019","D01","HARV","HARV_021","NEON.PLA.D01.HARV.09556",,"notRequired",,"Lost, fate unknown",,,,,,,,,,,,,,,,,,,,,,,,"tag not found","0000-0002-8951-4934","0000-0003-2931-6669",,
"42375613-4391-477f-b621-a1858356a419","HARV_021.basePlot.vst","2019-05-20","vst_HARV_2019","D01","HARV","HARV_021","NEON.PLA.D01.HARV.09981",,"ok","small tree","Standing dead",5.3,130,,5.2,,,,2.6,2.6,,,,,,,,,,,,,,,"Death likely due to forest succession.","0000-0002-8951-4934","0000-0003-2931-6669",,
"4fc5c2ea-a1e7-4a8d-a6b3-48363d59aa47","HARV_021.basePlot.vst","2019-05-20","vst_HARV_2019","D01","HARV","HARV_021","NEON.PLA.D01.HARV.03438",,"notRequired",,"Lost, fate unknown",,,,,,,,,,,,,,,,,,,,,,,,"tag not found","0000-0002-8951-4934","0000-0003-2931-6669",,
"5d4aba53-03a9-4f99-8eb9-c2a50e32d99a","HARV_021.basePlot.vst","2019-05-20","vst_HARV_2019","D01","HARV","HARV_021","NEON.PLA.D01.HARV.02580",,"notRequired",,"Lost, fate unknown",,,,,,,,,,,,,,,,,,,,,,,,"tag not found","0000-0002-8951-4934","0000-0003-2931-6669",,
"2075530e-9ca6-4b35-b536-2442fdb3afbd","HARV_021.basePlot.vst","2019-05-20","vst_HARV_2019","D01","HARV","HARV_021","NEON.PLA.D01.HARV.02538",,"notRequired",,"Lost, fate unknown",,,,,,,,,,,,,,,,,,,,,,,,"tag not found","0000-0002-8951-4934","0000-0003-2931-6669",,
"14535eb8-7613-4539-8c3f-dea0a2f7c7fe","HARV_021.basePlot.vst","2019-05-20","vst_HARV_2019","D01","HARV","HARV_021","NEON.PLA.D01.HARV.02847",,"ok","small tree","Standing dead",1.9,130,,3.3,,,,1.4,1.3,,,,,,,,,,,,,,,"Death likely due to forest succession.","0000-0002-8951-4934","0000-0003-2931-6669",,
"3ac448b6-5404-4b72-9668-1869f6951891","HARV_021.basePlot.vst","2019-05-20","vst_HARV_2019","D01","HARV","HARV_021","NEON.PLA.D01.HARV.02549",,"ok","single bole tree","Live",50.5,130,,27.7,,,,10.5,10.4,"Partially shaded",,,,,,,,,,,,,,,"0000-0002-8951-4934","0000-0003-2931-6669",,
"329440c9-1ff1-4a1c-b0bc-c01e99a0abd5","HARV_021.basePlot.vst","2019-05-20","vst_HARV_2019","D01","HARV","HARV_021","NEON.PLA.D01.HARV.02587",,"notRequired",,"Lost, fate unknown",,,,,,,,,,,,,,,,,,,,,,,,"tag not found","0000-0002-8951-4934","0000-0003-2931-6669",,
"bc7d6280-4ba8-4514-a648-2215a908201a","HARV_021.basePlot.vst","2019-05-20","vst_HARV_2019","D01","HARV","HARV_021","NEON.PLA.D01.HARV.02548",,"notRequired",,"Lost, fate unknown",,,,,,,,,,,,,,,,,,,,,,,,"tag not found","0000-0002-8951-4934","0000-0003-2931-6669",,
"9937d3cc-d4c5-44d9-a164-6802d0052ac9","HARV_021.basePlot.vst","2019-05-20","vst_HARV_2019","D01","HARV","HARV_021","NEON.PLA.D01.HARV.05697",,"ok","small tree","Live",1.7,130,,2.8,,,,1.4,1.0,,,,,,,,,,,,,,,,"0000-0002-8951-4934","0000-0003-2931-6669",,
"6d2210d6-0327-44e8-b693-c9bd52958c9a","HARV_021.basePlot.vst","2019-05-20","vst_HARV_2019","D01","HARV","HARV_021","NEON.PLA.D01.HARV.05536",,"ok",,"Downed",,,,,,,,,,,,,,,,,,,,,,,,"Now CDW. Downed by storm damage.","0000-0002-8951-4934","0000-0003-2931-6669",,
"fc67ed73-6d9d-4cab-9c6b-52c30df376f4","HARV_021.basePlot.vst","2019-05-20","vst_HARV_2019","D01","HARV","HARV_021","NEON.PLA.D01.HARV.02266",,"notRequired",,"Lost, fate unknown",,,,,,,,,,,,,,,,,,,,,,,,"tag not found","0000-0002-8951-4934","0000-0003-2931-6669",,
"122d5be0-246c-4f1a-b4d7-d361bc22a833","HARV_021.basePlot.vst","2019-05-20","vst_HARV_2019","D01","HARV","HARV_021","NEON.PLA.D01.HARV.11664",,"ok","multi-bole tree","Live",30.5,130,,18.9,,,,9.5,6.7,"Partially shaded",,,,,,,,,,,,,,,"0000-0002-8951-4934","0000-0003-2931-6669",,
"aa0f418c-2464-4af3-af43-ec367df42dab","HARV_021.basePlot.vst","2019-05-20","vst_HARV_2019","D01","HARV","HARV_021","NEON.PLA.D01.HARV.02980",,"notRequired",,"Lost, fate unknown",,,,,,,,,,,,,,,,,,,,,,,,"tag not found","0000-0002-8951-4934","0000-0003-2931-6669",,
"47f93f25-a8c3-4d6d-ba46-f3f20138158f","HARV_021.basePlot.vst","2019-05-20","vst_HARV_2019","D01","HARV","HARV_021","NEON.PLA.D01.HARV.05692",,"notRequired",,"Lost, fate unknown",,,,,,,,,,,,,,,,,,,,,,,,"tag not found","0000-0002-8951-4934","0000-0003-2931-6669",,
"bcc0fc40-8047-4ea2-9397-44822ecd1766","HARV_021.basePlot.vst","2019-05-20","vst_HARV_2019","D01","HARV","HARV_021","NEON.PLA.D01.HARV.05534",,"notRequired",,"Lost, fate unknown",,,,,,,,,,,,,,,,,,,,,,,,"tag not found","0000-0002-8951-4934","0000-0003-2931-6669",,
"ed109e57-78f1-454d-bbe2-f92446beb4d4","HARV_021.basePlot.vst","2019-05-20","vst_HARV_2019","D01","HARV","HARV_021","NEON.PLA.D01.HARV.02955",,"notRequired",,"Lost, fate unknown",,,,,,,,,,,,,,,,,,,,,,,,"tag not found","0000-0002-8951-4934","0000-0003-2931-6669",,
"2e99a732-cc55-4df7-9558-4fe9435d873f","HARV_021.basePlot.vst","2019-05-20","vst_HARV_2019","D01","HARV","HARV_021","NEON.PLA.D01.HARV.09564",,"ok","sapling","Standing dead",,,,1.5,,,,,,,,1.2,10,,,,,,,,,,,"Death likely caused by shading from overstory trees","0000-0002-8951-4934","0000-0003-2931-6669",,
"87f7256c-af60-4624-a516-bb06744a4929","HARV_021.basePlot.vst","2019-05-20","vst_HARV_2019","D01","HARV","HARV_021","NEON.PLA.D01.HARV.02531",,"notRequired",,"Lost, fate unknown",,,,,,,,,,,,,,,,,,,,,,,,"tag not found","0000-0002-8951-4934","0000-0003-2931-6669",,
"b247190b-aa72-44e6-8a45-787d01d61fb1","HARV_021.basePlot.vst","2019-05-20","vst_HARV_2019","D01","HARV","HARV_021","NEON.PLA.D01.HARV.03447",,"ok","small tree","Live",2.6,130,,3.7,,,,1.3,1.0,,,,,,,,,,,,,,,,"0000-0002-8951-4934","0000-0003-2931-6669",,
"0c6b0867-0b03-4bbd-9b52-364d3eb2d030","HARV_021.basePlot.vst","2019-05-20","vst_HARV_2019","D01","HARV","HARV_021","NEON.PLA.D01.HARV.02560",,"notRequired",,"Lost, fate unknown",,,,,,,,,,,,,,,,,,,,,,,,"tag not found","0000-0002-8951-4934","0000-0003-2931-6669",,
"cedfcc7e-b08f-44d1-8294-87c95efb7fde","HARV_021.basePlot.vst","2019-05-20","vst_HARV_2019","D01","HARV","HARV_021","NEON.PLA.D01.HARV.03432",,"ok",,"Downed",,,,,,,,,,,,,,,,,,,,,,,,"Now CDW. Downed by storm damage.","0000-0002-8951-4934","0000-0003-2931-6669",,
"3562dccc-b140-4b0b-9a36-e89b858fcc64","HARV_021.basePlot.vst","2019-05-20","vst_HARV_2019","D01","HARV","HARV_021","NEON.PLA.D01.HARV.05597",,"notRequired",,"Lost, fate unknown",,,,,,,,,,,,,,,,,,,,,,,,"tag not found","0000-0002-8951-4934","0000-0003-2931-6669",,
"a9f8c665-ddc5-42d5-bdc9-ce6e9cead17e","HARV_021.basePlot.vst","2019-05-20","vst_HARV_2019","D01","HARV","HARV_021","NEON.PLA.D01.HARV.05599",,"notRequired",,"Lost, fate unknown",,,,,,,,,,,,,,,,,,,,,,,,"tag not found","0000-0002-8951-4934","0000-0003-2931-6669",,
"eb3d5f55-36ef-4dd6-b801-1656b9c6ba69","HARV_021.basePlot.vst","2019-05-20","vst_HARV_2019","D01","HARV","HARV_021","NEON.PLA.D01.HARV.05689",,"ok","sapling","Standing dead",,,,1.6,,,,,,,,1.2,10,,,,,,,,,,,"Unknown cause of death","0000-0002-8951-4934","0000-0003-2931-6669",,
"e5e6b150-6c82-4b66-9b8f-35595f75632b","HARV_021.basePlot.vst","2019-05-20","vst_HARV_2019","D01","HARV","HARV_021","NEON.PLA.D01.HARV.05567",,"notRequired",,"Lost, fate unknown",,,,,,,,,,,,,,,,,,,,,,,,"tag not found","0000-0002-8951-4934","0000-0003-2931-6669",,
"eb9ad83f-d1a1-48ae-acc9-42eae59bcbde","HARV_021.basePlot.vst","2019-05-20","vst_HARV_2019","D01","HARV","HARV_021","NEON.PLA.D01.HARV.05595",,"notRequired",,"Lost, fate unknown",,,,,,,,,,,,,,,,,,,,,,,,"tag not found","0000-0002-8951-4934","0000-0003-2931-6669",,
"c7960e3a-d8b3-46d1-9e2f-d710dda7f3cc","HARV_021.basePlot.vst","2019-05-20","vst_HARV_2019","D01","HARV","HARV_021","NEON.PLA.D01.HARV.02589",,"notRequired",,"Lost, fate unknown",,,,,,,,,,,,,,,,,,,,,,,,"tag not found","0000-0002-8951-4934","0000-0003-2931-6669",,
"35810fe5-1004-4bc3-aab6-1aa0d54c2222","HARV_021.basePlot.vst","2019-05-20","vst_HARV_2019","D01","HARV","HARV_021","NEON.PLA.D01.HARV.02817",,"notRequired",,"Lost, fate unknown",,,,,,,,,,,,,,,,,,,,,,,,"tag not found","0000-0002-8951-4934","0000-0003-2931-6669",,
"078afa7a-050b-43e3-aa31-1ba5f416dfc2","HARV_021.basePlot.vst","2019-05-20","vst_HARV_2019","D01","HARV","HARV_021","NEON.PLA.D01.HARV.05572",,"notRequired",,"Lost, fate unknown",,,,,,,,,,,,,,,,,,,,,,,,"tag not found","0000-0002-8951-4934","0000-0003-2931-6669",,
"8d57329e-b687-4a2a-b218-0fc49b161342","HARV_021.basePlot.vst","2019-05-20","vst_HARV_2019","D01","HARV","HARV_021","NEON.PLA.D01.HARV.02562",,"notRequired",,"Lost, fate unknown",,,,,,,,,,,,,,,,,,,,,,,,"tag not found","0000-0002-8951-4934","0000-0003-2931-6669",,
"51d68d9b-afe6-4101-a8fc-72045cf48b2d","HARV_021.basePlot.vst","2019-05-20","vst_HARV_2019","D01","HARV","HARV_021","NEON.PLA.D01.HARV.02555",,"notRequired",,"Lost, fate unknown",,,,,,,,,,,,,,,,,,,,,,,,"tag not found","0000-0002-8951-4934","0000-0003-2931-6669",,
"b1a87fd0-9bff-4212-9285-b1943c5fdd26","HARV_021.basePlot.vst","2019-05-20","vst_HARV_2019","D01","HARV","HARV_021","NEON.PLA.D01.HARV.02804",,"notRequired",,"Lost, fate unknown",,,,,,,,,,,,,,,,,,,,,,,,"tag not found","0000-0002-8951-4934","0000-0003-2931-6669",,
"7872fe5d-7bc6-4c2f-898c-f03b73ec494d","HARV_021.basePlot.vst","2019-05-20","vst_HARV_2019","D01","HARV","HARV_021","NEON.PLA.D01.HARV.05577",,"notRequired",,"Lost, fate unknown",,,,,,,,,,,,,,,,,,,,,,,,"tag not found","0000-0002-8951-4934","0000-0003-2931-6669",,
"ac4f3593-7d2f-4081-87c6-2a26d4cf7390","HARV_021.basePlot.vst","2019-05-20","vst_HARV_2019","D01","HARV","HARV_021","NEON.PLA.D01.HARV.02564",,"ok","small tree","Standing dead",1.1,130,,2.4,,,,0.8,0.6,,,,,,,,,,,,,,,"Death likely due to forest succession.","0000-0002-8951-4934","0000-0003-2931-6669",,
"52a0a0b7-c56f-4410-bcce-78edb56abd42","HARV_021.basePlot.vst","2019-05-20","vst_HARV_2019","D01","HARV","HARV_021","NEON.PLA.D01.HARV.02809",,"notRequired",,"Lost, fate unknown",,,,,,,,,,,,,,,,,,,,,,,,"tag not found","0000-0002-8951-4934","0000-0003-2931-6669",,
"e660e219-47db-43e2-9a27-265c0c6fb2e8","HARV_021.basePlot.vst","2019-05-20","vst_HARV_2019","D01","HARV","HARV_021","NEON.PLA.D01.HARV.02986",,"notRequired",,"Lost, fate unknown",,,,,,,,,,,,,,,,,,,,,,,,"tag not found","0000-0002-8951-4934","0000-0003-2931-6669",,
"e6961b86-02c1-42aa-8dd1-48ae0486d590","HARV_021.basePlot.vst","2019-05-20","vst_HARV_2019","D01","HARV","HARV_021","NEON.PLA.D01.HARV.05681",,"notRequired",,"Lost, fate unknown",,,,,,,,,,,,,,,,,,,,,,,,"tag not found","0000-0002-8951-4934","0000-0003-2931-6669",,
"abec3231-1257-40f5-91d5-d371ec3fd606","HARV_021.basePlot.vst","2019-05-20","vst_HARV_2019","D01","HARV","HARV_021","NEON.PLA.D01.HARV.05558",,"notRequired",,"Lost, fate unknown",,,,,,,,,,,,,,,,,,,,,,,,"tag not found","0000-0002-8951-4934","0000-0003-2931-6669",,
"497a0457-6c11-4692-8d66-5c68de19dc2c","HARV_021.basePlot.vst","2019-05-20","vst_HARV_2019","D01","HARV","HARV_021","NEON.PLA.D01.HARV.02813",,"notRequired",,"Lost, fate unknown",,,,,,,,,,,,,,,,,,,,,,,,"tag not found","0000-0002-8951-4934","0000-0003-2931-6669",,
"06044f04-7273-4ed5-bf54-bba4f9a4537f","HARV_021.basePlot.vst","2019-05-20","vst_HARV_2019","D01","HARV","HARV_021","NEON.PLA.D01.HARV.02967",,"notRequired",,"Lost, fate unknown",,,,,,,,,,,,,,,,,,,,,,,,"tag not found","0000-0002-8951-4934","0000-0003-2931-6669",,
"61b41825-419c-43b8-a4b8-15c617ede7f5","HARV_021.basePlot.vst","2019-05-20","vst_HARV_2019","D01","HARV","HARV_021","NEON.PLA.D01.HARV.02826",,"notRequired",,"Lost, fate unknown",,,,,,,,,,,,,,,,,,,,,,,,"tag not found","0000-0002-8951-4934","0000-0003-2931-6669",,
"a00d9ab5-ec76-4fda-ba0a-07344c3d3ae2","HARV_021.basePlot.vst","2019-05-20","vst_HARV_2019","D01","HARV","HARV_021","NEON.PLA.D01.HARV.05696",,"notRequired",,"Lost, fate unknown",,,,,,,,,,,,,,,,,,,,,,,,"tag not found","0000-0002-8951-4934","0000-0003-2931-6669",,
"57fae8f5-077a-443b-8b4a-cf0bfcdca7d7","HARV_021.basePlot.vst","2019-05-20","vst_HARV_2019","D01","HARV","HARV_021","NEON.PLA.D01.HARV.05537",,"notRequired",,"Lost, fate unknown",,,,,,,,,,,,,,,,,,,,,,,,"tag not found","0000-0002-8951-4934","0000-0003-2931-6669",,
"ede25a2a-926c-4e83-b13b-2674b9b6683d","HARV_021.basePlot.vst","2019-05-20","vst_HARV_2019","D01","HARV","HARV_021","NEON.PLA.D01.HARV.02558",,"notRequired",,"Lost, fate unknown",,,,,,,,,,,,,,,,,,,,,,,,"tag not found","0000-0002-8951-4934","0000-0003-2931-6669",,
"a5b167c4-6632-422d-a8ea-04e5cfc92f9e","HARV_021.basePlot.vst","2019-05-20","vst_HARV_2019","D01","HARV","HARV_021","NEON.PLA.D01.HARV.03442",,"ok","small tree","Standing dead",1.6,130,,3.0,,,,0.8,0.8,,,,,,,,,,,,,,,"Death likely due to forest succession.","0000-0002-8951-4934","0000-0003-2931-6669",,
"9f274aa4-4139-4d0f-ba57-12fca82dce05","HARV_021.basePlot.vst","2019-05-20","vst_HARV_2019","D01","HARV","HARV_021","NEON.PLA.D01.HARV.02849",,"ok","small tree","Standing dead",2.0,130,,3.7,,,,1.1,1.1,,,,,,,,,,,,,,,"Death likely due to forest succession.","0000-0002-8951-4934","0000-0003-2931-6669",,
"1ef54c72-1ae1-4128-85de-245d4bf81fbc","HARV_021.basePlot.vst","2019-05-20","vst_HARV_2019","D01","HARV","HARV_021","NEON.PLA.D01.HARV.05508",,"tagRemoved",,"Downed",,,,,,,,,,,,,,,,,,,,,,,,"Too small for CDW.","0000-0002-8951-4934","0000-0003-2931-6669",,
"5d802306-5c37-4a03-b347-8712fe3014fd","HARV_021.basePlot.vst","2019-05-20","vst_HARV_2019","D01","HARV","HARV_021","NEON.PLA.D01.HARV.09977",,"ok","single bole tree","Live",14.1,130,,13.3,,,,7.6,6.8,"Mostly shaded",,,,,,,,,,,,,,,"0000-0002-8951-4934","0000-0003-2931-6669",,
"2a7c847d-f1f5-403a-8416-cfd4b813e34e","HARV_021.basePlot.vst","2019-05-20","vst_HARV_2019","D01","HARV","HARV_021","NEON.PLA.D01.HARV.03103",,"notRequired",,"Lost, fate unknown",,,,,,,,,,,,,,,,,,,,,,,,"tag not found","0000-0002-8951-4934","0000-0003-2931-6669",,
"78e2ec43-8130-4851-a53d-0dbcb47adadb","HARV_021.basePlot.vst","2019-05-20","vst_HARV_2019","D01","HARV","HARV_021","NEON.PLA.D01.HARV.02537",,"notRequired",,"Lost, fate unknown",,,,,,,,,,,,,,,,,,,,,,,,"tag not found","0000-0002-8951-4934","0000-0003-2931-6669",,
"81056478-632f-4819-9a0a-bf433a1df8db","HARV_021.basePlot.vst","2019-05-20","vst_HARV_2019","D01","HARV","HARV_021","NEON.PLA.D01.HARV.02597",,"notRequired",,"Lost, fate unknown",,,,,,,,,,,,,,,,,,,,,,,,"tag not found","0000-0002-8951-4934","0000-0003-2931-6669",,
"3eb3f24f-3a6c-45a2-ae7e-2d72f7d6bbc9","HARV_021.basePlot.vst","2019-05-20","vst_HARV_2019","D01","HARV","HARV_021","NEON.PLA.D01.HARV.02977",,"notRequired",,"Lost, fate unknown",,,,,,,,,,,,,,,,,,,,,,,,"tag not found","0000-0002-8951-4934","0000-0003-2931-6669",,
"768b9f50-d849-4b58-88be-81596162d9c7","HARV_021.basePlot.vst","2019-05-20","vst_HARV_2019","D01","HARV","HARV_021","NEON.PLA.D01.HARV.02592",,"notRequired",,"Lost, fate unknown",,,,,,,,,,,,,,,,,,,,,,,,"tag not found","0000-0002-8951-4934","0000-0003-2931-6669",,
"c77997bb-7939-4bc9-8193-7ff2beac72d9","HARV_021.basePlot.vst","2019-05-20","vst_HARV_2019","D01","HARV","HARV_021","NEON.PLA.D01.HARV.02960",,"notRequired",,"Lost, fate unknown",,,,,,,,,,,,,,,,,,,,,,,,"tag not found","0000-0002-8951-4934","0000-0003-2931-6669",,
"fedc03b4-af1a-4787-9c73-0e206902bbb7","HARV_021.basePlot.vst","2019-05-20","vst_HARV_2019","D01","HARV","HARV_021","NEON.PLA.D01.HARV.05686",,"notRequired",,"Lost, fate unknown",,,,,,,,,,,,,,,,,,,,,,,,"tag not found","0000-0002-8951-4934","0000-0003-2931-6669",,
"0ac3c70a-7e7c-439d-97fb-52dedbeaf28f","HARV_021.basePlot.vst","2019-05-20","vst_HARV_2019","D01","HARV","HARV_021","NEON.PLA.D01.HARV.03444",,"notRequired",,"Lost, fate unknown",,,,,,,,,,,,,,,,,,,,,,,,"tag not found","0000-0002-8951-4934","0000-0003-2931-6669",,
"154db104-ced8-4b8a-8315-1cbda6140ce3","HARV_021.basePlot.vst","2019-05-20","vst_HARV_2019","D01","HARV","HARV_021","NEON.PLA.D01.HARV.02988",,"notRequired",,"Lost, fate unknown",,,,,,,,,,,,,,,,,,,,,,,,"tag not found","0000-0002-8951-4934","0000-0003-2931-6669",,
"444a9cfe-f46a-4f40-8a56-c2f8985eea07","HARV_021.basePlot.vst","2019-05-20","vst_HARV_2019","D01","HARV","HARV_021","NEON.PLA.D01.HARV.05583",,"notRequired",,"Lost, fate unknown",,,,,,,,,,,,,,,,,,,,,,,,"tag not found","0000-0002-8951-4934","0000-0003-2931-6669",,
"fd6f9341-c21c-4c8a-a6e6-bcd3574dddea","HARV_021.basePlot.vst","2019-05-20","vst_HARV_2019","D01","HARV","HARV_021","NEON.PLA.D01.HARV.09557",,"notRequired",,"Lost, fate unknown",,,,,,,,,,,,,,,,,,,,,,,,"tag not found","0000-0002-8951-4934","0000-0003-2931-6669",,
"21bdf06e-5f76-4113-acde-28cc4e4d4b39","HARV_021.basePlot.vst","2019-05-20","vst_HARV_2019","D01","HARV","HARV_021","NEON.PLA.D01.HARV.02554",,"notRequired",,"Lost, fate unknown",,,,,,,,,,,,,,,,,,,,,,,,"tag not found","0000-0002-8951-4934","0000-0003-2931-6669",,
"dc4e9dd8-4770-4ba5-a0c2-d56e13b8f838","HARV_021.basePlot.vst","2019-05-20","vst_HARV_2019","D01","HARV","HARV_021","NEON.PLA.D01.HARV.05551",,"notRequired",,"Lost, fate unknown",,,,,,,,,,,,,,,,,,,,,,,,"tag not found","0000-0002-8951-4934","0000-0003-2931-6669",,
"038b74e6-93d1-4124-8a00-21309312c961","HARV_021.basePlot.vst","2019-05-20","vst_HARV_2019","D01","HARV","HARV_021","NEON.PLA.D01.HARV.02801A",,"ok","multi-bole tree","Live",10.8,130,,12.0,,,,7.9,7.2,"Mostly shaded",,,,,,,,,,,,,,,"0000-0002-8951-4934","0000-0003-2931-6669",,
"2c3e5c43-7597-402e-a18c-fbf2d7a9c93a","HARV_021.basePlot.vst","2019-05-20","vst_HARV_2019","D01","HARV","HARV_021","NEON.PLA.D01.HARV.03440",,"notRequired",,"Lost, fate unknown",,,,,,,,,,,,,,,,,,,,,,,,"tag not found","0000-0002-8951-4934","0000-0003-2931-6669",,
"acec1d79-edcb-4d68-87c0-e5eb6d4c42a2","HARV_021.basePlot.vst","2019-05-20","vst_HARV_2019","D01","HARV","HARV_021","NEON.PLA.D01.HARV.02835",,"notRequired",,"Lost, fate unknown",,,,,,,,,,,,,,,,,,,,,,,,"tag not found","0000-0002-8951-4934","0000-0003-2931-6669",,
"209305fc-1d6c-4cf6-8daa-5fac28d0fd0b","HARV_021.basePlot.vst","2019-05-20","vst_HARV_2019","D01","HARV","HARV_021","NEON.PLA.D01.HARV.02971",,"notRequired",,"Lost, fate unknown",,,,,,,,,,,,,,,,,,,,,,,,"tag not found","0000-0002-8951-4934","0000-0003-2931-6669",,
"6ad492a5-4c0b-4f9f-9beb-fc1c4aeac802","HARV_021.basePlot.vst","2019-05-20","vst_HARV_2019","D01","HARV","HARV_021","NEON.PLA.D01.HARV.03455",,"notRequired",,"Lost, fate unknown",,,,,,,,,,,,,,,,,,,,,,,,"tag not found","0000-0002-8951-4934","0000-0003-2931-6669",,
"31fb3486-d228-4a90-b689-55c766863bf9","HARV_021.basePlot.vst","2019-05-20","vst_HARV_2019","D01","HARV","HARV_021","NEON.PLA.D01.HARV.03429",,"notRequired",,"Lost, fate unknown",,,,,,,,,,,,,,,,,,,,,,,,"tag not found","0000-0002-8951-4934","0000-0003-2931-6669",,
"70a2a944-2b8c-422a-a871-29fb84868bb4","HARV_021.basePlot.vst","2019-05-20","vst_HARV_2019","D01","HARV","HARV_021","NEON.PLA.D01.HARV.05586",,"notRequired",,"Lost, fate unknown",,,,,,,,,,,,,,,,,,,,,,,,"tag not found","0000-0002-8951-4934","0000-0003-2931-6669",,
"58ebe294-8296-469c-bd3c-7c8633aa39c4","HARV_021.basePlot.vst","2019-05-20","vst_HARV_2019","D01","HARV","HARV_021","NEON.PLA.D01.HARV.05548",,"notRequired",,"Lost, fate unknown",,,,,,,,,,,,,,,,,,,,,,,,"tag not found","0000-0002-8951-4934","0000-0003-2931-6669",,
"2fff9638-9b20-4e81-8c64-2ac1ebdefaeb","HARV_021.basePlot.vst","2019-05-20","vst_HARV_2019","D01","HARV","HARV_021","NEON.PLA.D01.HARV.02984",,"notRequired",,"Lost, fate unknown",,,,,,,,,,,,,,,,,,,,,,,,"tag not found","0000-0002-8951-4934","0000-0003-2931-6669",,
"322fdbef-e448-456f-8005-417b8cc218e2","HARV_021.basePlot.vst","2019-05-20","vst_HARV_2019","D01","HARV","HARV_021","NEON.PLA.D01.HARV.03443",,"ok","small tree","Standing dead",2.3,130,,3.6,,,,1.2,1.0,,,,,,,,,,,,,,,"Death likely due to forest succession.","0000-0002-8951-4934","0000-0003-2931-6669",,
"abb21afe-f694-4b86-aa28-7df2dae07676","HARV_021.basePlot.vst","2019-05-20","vst_HARV_2019","D01","HARV","HARV_021","NEON.PLA.D01.HARV.02843",,"notRequired",,"Lost, fate unknown",,,,,,,,,,,,,,,,,,,,,,,,"tag not found","0000-0002-8951-4934","0000-0003-2931-6669",,
"38059f7d-b61d-4cee-ba1d-13101fddb69a","HARV_021.basePlot.vst","2019-05-20","vst_HARV_2019","D01","HARV","HARV_021","NEON.PLA.D01.HARV.02540",,"notRequired",,"Lost, fate unknown",,,,,,,,,,,,,,,,,,,,,,,,"tag not found","0000-0002-8951-4934","0000-0003-2931-6669",,
"b9516c9f-bc48-4c17-9cee-ae9e5096cec3","HARV_021.basePlot.vst","2019-05-20","vst_HARV_2019","D01","HARV","HARV_021","NEON.PLA.D01.HARV.02571",,"notRequired",,"Lost, fate unknown",,,,,,,,,,,,,,,,,,,,,,,,"tag not found","0000-0002-8951-4934","0000-0003-2931-6669",,
"a723101d-5882-46f7-9f00-2179ad3bfc10","HARV_021.basePlot.vst","2019-05-20","vst_HARV_2019","D01","HARV","HARV_021","NEON.PLA.D01.HARV.05683",,"notRequired",,"Lost, fate unknown",,,,,,,,,,,,,,,,,,,,,,,,"tag not found","0000-0002-8951-4934","0000-0003-2931-6669",,
"770bfc89-9599-455b-8a08-002a75bdd17a","HARV_021.basePlot.vst","2019-05-20","vst_HARV_2019","D01","HARV","HARV_021","NEON.PLA.D01.HARV.05573",,"notRequired",,"Lost, fate unknown",,,,,,,,,,,,,,,,,,,,,,,,"tag not found","0000-0002-8951-4934","0000-0003-2931-6669",,
